"Word","Count"
"the","2381"
"and","1530"
"a","1392"
"i","1177"
"to","1125"
"of","1110"
"in","800"
"he","794"
"was","765"
"that","580"
"it","525"
"his","491"
"you","452"
"with","419"
"at","404"
"her","391"
"had","380"
"she","374"
"on","359"
"me","325"
"for","306"
"him","271"
"as","268"
"my","241"
"but","238"
"said","232"
"from","232"
"all","216"
"out","210"
"up","192"
"we","192"
"gatsby","189"
"there","189"
"were","184"
"an","184"
"tom","175"
"into","169"
"one","166"
"this","166"
"about","148"
"daisy","147"
"they","143"
"when","143"
"if","142"
"over","140"
"so","139"
"have","136"
"then","135"
"what","127"
"be","123"
"by","122"
"like","120"
"down","117"
"who","110"
"back","109"
"some","108"
"man","108"
"been","107"
"came","106"
"is","104"
"little","102"
"just","99"
"no","99"
"or","98"
"now","97"
"know","97"
"dont","95"
"its","93"
"house","92"
"went","90"
"before","88"
"after","87"
"eyes","87"
"come","86"
"got","85"
"do","84"
"mr","83"
"didnt","83"
"looked","83"
"see","82"
"them","82"
"old","81"
"time","80"
"way","76"
"any","76"
"away","75"
"more","74"
"get","74"
"two","74"
"car","73"
"im","72"
"night","71"
"not","71"
"around","71"
"moment","70"
"going","70"
"new","70"
"your","69"
"go","69"
"door","68"
"gatsbys","67"
"through","66"
"something","66"
"here","65"
"room","65"
"which","65"
"never","64"
"turned","64"
"well","64"
"think","64"
"other","64"
"us","63"
"jordan","63"
"long","63"
"hand","62"
"wilson","62"
"made","62"
"could","61"
"very","61"
"people","60"
"want","59"
"too","59"
"voice","58"
"again","55"
"their","55"
"knew","54"
"where","54"
"first","53"
"face","52"
"toward","52"
"would","52"
"saw","51"
"only","51"
"look","51"
"did","51"
"right","50"
"began","49"
"id","48"
"took","48"
"half","48"
"sport","47"
"while","47"
"girl","47"
"thought","47"
"off","46"
"are","46"
"last","45"
"white","45"
"because","45"
"young","44"
"told","44"
"asked","43"
"day","43"
"heard","43"
"even","42"
"afternoon","42"
"light","42"
"until","41"
"thats","41"
"name","41"
"hour","40"
"men","40"
"left","40"
"head","40"
"suddenly","40"
"ive","39"
"seemed","39"
"ill","39"
"wasnt","39"
"years","38"
"say","38"
"miss","38"
"hands","38"
"baker","38"
"how","37"
"much","36"
"found","36"
"another","36"
"three","36"
"thing","36"
"oh","36"
"once","36"
"west","35"
"next","35"
"daisys","35"
"tell","35"
"every","35"
"minute","34"
"along","34"
"always","34"
"looking","34"
"egg","34"
"than","34"
"cant","34"
"why","34"
"each","33"
"though","33"
"sat","32"
"small","32"
"upon","32"
"five","32"
"against","32"
"under","32"
"nothing","32"
"alone","31"
"mrs","31"
"front","31"
"seen","31"
"youre","31"
"must","31"
"table","31"
"cried","31"
"own","31"
"together","30"
"can","30"
"sound","30"
"good","30"
"most","30"
"york","30"
"life","29"
"things","29"
"still","29"
"himself","29"
"morning","29"
"called","29"
"take","28"
"world","28"
"couldnt","28"
"ever","28"
"stood","28"
"hes","27"
"anything","27"
"let","27"
"moved","27"
"home","27"
"side","27"
"make","27"
"those","27"
"wanted","27"
"without","27"
"might","27"
"inquired","26"
"garage","26"
"shes","26"
"across","26"
"gave","26"
"four","25"
"hot","25"
"great","25"
"air","25"
"these","25"
"later","25"
"rather","25"
"dark","25"
"few","25"
"steps","24"
"love","24"
"open","24"
"demanded","24"
"between","24"
"felt","24"
"oclock","24"
"started","24"
"wolfshiem","24"
"our","24"
"gone","23"
"walked","23"
"broke","23"
"everything","23"
"hear","23"
"feet","23"
"nick","23"
"sort","23"
"course","22"
"lawn","22"
"garden","22"
"word","22"
"east","22"
"wouldnt","22"
"girls","22"
"yes","22"
"town","22"
"hair","22"
"wife","22"
"married","22"
"yellow","21"
"full","21"
"buchanan","21"
"put","21"
"hadnt","21"
"among","21"
"money","21"
"blue","21"
"beside","21"
"myrtle","21"
"theres","21"
"michaelis","21"
"drive","20"
"trying","20"
"evening","20"
"stopped","20"
"met","20"
"matter","20"
"road","20"
"chicago","20"
"almost","20"
"end","20"
"god","20"
"place","20"
"rose","20"
"woman","20"
"windows","20"
"will","20"
"has","19"
"such","19"
"city","19"
"summer","19"
"ago","19"
"heart","19"
"year","19"
"tried","19"
"party","19"
"dog","19"
"big","19"
"body","19"
"loved","19"
"days","19"
"telephone","19"
"perhaps","19"
"brought","18"
"dozen","18"
"call","18"
"inside","18"
"mean","18"
"fact","18"
"window","18"
"business","18"
"slowly","18"
"ought","18"
"give","18"
"better","18"
"behind","18"
"island","18"
"sitting","18"
"idea","18"
"itself","18"
"doesnt","18"
"far","18"
"passed","18"
"sure","17"
"chair","17"
"am","17"
"past","17"
"dress","17"
"whole","17"
"rain","17"
"remember","17"
"wont","17"
"opened","17"
"friend","17"
"used","17"
"fell","17"
"answered","17"
"hard","17"
"find","17"
"shook","17"
"times","17"
"several","17"
"happened","17"
"myself","17"
"bright","16"
"sent","16"
"set","16"
"standing","16"
"high","16"
"green","16"
"office","16"
"theyre","16"
"live","16"
"grey","16"
"bed","16"
"waited","16"
"suppose","16"
"talked","16"
"same","16"
"believe","16"
"butler","16"
"insisted","16"
"nodded","16"
"bought","16"
"somebody","16"
"outside","16"
"short","16"
"porch","16"
"many","15"
"expression","15"
"being","15"
"followed","15"
"speak","15"
"hall","15"
"cars","15"
"drove","15"
"mckee","15"
"close","15"
"ask","15"
"leaned","15"
"whats","15"
"wait","15"
"enough","15"
"least","15"
"train","15"
"reached","15"
"street","15"
"stared","15"
"glanced","15"
"laughed","15"
"quickly","15"
"immediately","15"
"except","15"
"arrived","15"
"getting","15"
"words","15"
"explained","14"
"floor","14"
"wilsons","14"
"really","14"
"pale","14"
"suit","14"
"catherine","14"
"cold","14"
"care","14"
"tomorrow","14"
"husband","14"
"held","14"
"hundred","14"
"pretty","14"
"stop","14"
"suggested","14"
"crazy","14"
"coat","14"
"oxford","14"
"understand","14"
"havent","14"
"toms","14"
"minutes","14"
"already","14"
"heat","14"
"longer","14"
"cool","14"
"george","14"
"week","14"
"isnt","14"
"policeman","14"
"women","14"
"book","14"
"wind","13"
"person","13"
"mouth","13"
"pulled","13"
"hed","13"
"certain","13"
"sometimes","13"
"sight","13"
"continued","13"
"lay","13"
"war","13"
"family","13"
"arms","13"
"shoulder","13"
"effort","13"
"lunch","13"
"whispered","13"
"youve","13"
"deep","13"
"late","13"
"taking","13"
"ran","13"
"laughter","13"
"added","13"
"arm","13"
"nice","13"
"leaving","13"
"sit","13"
"raised","12"
"leave","12"
"play","12"
"surprised","12"
"curious","12"
"jay","12"
"drink","12"
"less","12"
"rooms","12"
"sister","12"
"work","12"
"somewhere","12"
"change","12"
"hurried","12"
"forever","12"
"pool","12"
"since","12"
"trees","12"
"both","12"
"coup","12"
"run","12"
"smiled","12"
"nose","12"
"turning","12"
"mine","12"
"dead","12"
"finally","12"
"boy","12"
"talk","12"
"killed","12"
"forward","12"
"faces","12"
"picture","12"
"remarked","12"
"grass","12"
"known","12"
"fingers","11"
"silver","11"
"enormous","11"
"saying","11"
"rest","11"
"parties","11"
"having","11"
"large","11"
"cody","11"
"wet","11"
"kept","11"
"read","11"
"beyond","11"
"station","11"
"lived","11"
"lips","11"
"keep","11"
"quality","11"
"lost","11"
"lights","11"
"warm","11"
"mind","11"
"bad","11"
"making","11"
"voices","11"
"black","11"
"either","11"
"couch","11"
"fine","11"
"single","11"
"repeated","11"
"phone","11"
"doing","11"
"lets","11"
"glad","11"
"story","11"
"anyhow","11"
"wild","11"
"second","10"
"spoke","10"
"glass","10"
"remembered","10"
"wants","10"
"upstairs","10"
"funny","10"
"faintly","10"
"should","10"
"wire","10"
"youll","10"
"drug","10"
"wed","10"
"does","10"
"aware","10"
"asleep","10"
"taxi","10"
"real","10"
"low","10"
"silence","10"
"library","10"
"lovely","10"
"everybody","10"
"carraway","10"
"doctor","10"
"romantic","10"
"forget","10"
"coming","10"
"part","10"
"weve","10"
"please","10"
"talking","10"
"trembling","10"
"sloane","10"
"rang","10"
"chapter","10"
"dinner","10"
"turn","10"
"feel","10"
"kind","10"
"question","10"
"conversation","10"
"wall","10"
"happen","10"
"sick","10"
"series","9"
"listen","9"
"exclaimed","9"
"feeling","9"
"eagerly","9"
"child","9"
"shadow","9"
"crowd","9"
"slightly","9"
"twilight","9"
"college","9"
"jordans","9"
"murmur","9"
"drunk","9"
"church","9"
"line","9"
"occurred","9"
"move","9"
"lot","9"
"pause","9"
"dust","9"
"beach","9"
"kitchen","9"
"true","9"
"holding","9"
"trouble","9"
"hesitated","9"
"touch","9"
"start","9"
"darkness","9"
"taken","9"
"stayed","9"
"terrible","9"
"forgotten","9"
"eat","9"
"whose","9"
"drew","9"
"answer","9"
"weeks","9"
"moving","9"
"yet","9"
"walking","9"
"confused","9"
"living","9"
"corner","9"
"broken","9"
"shape","9"
"named","9"
"complete","9"
"beat","9"
"laugh","9"
"sleep","9"
"biloxi","9"
"gatz","9"
"driving","9"
"watch","9"
"presence","9"
"agreed","9"
"unfamiliar","9"
"thirty","9"
"hardly","9"
"someone","9"
"moon","9"
"stand","9"
"tea","9"
"sun","9"
"shore","9"
"store","9"
"became","9"
"whom","9"
"afraid","9"
"ear","9"
"sky","9"
"music","8"
"silent","8"
"rich","8"
"played","8"
"absolutely","8"
"evidently","8"
"quite","8"
"smile","8"
"sea","8"
"politely","8"
"faded","8"
"hello","8"
"try","8"
"thin","8"
"thick","8"
"wheel","8"
"months","8"
"physical","8"
"certainly","8"
"caught","8"
"fifty","8"
"lady","8"
"youd","8"
"poor","8"
"pushed","8"
"foot","8"
"houses","8"
"during","8"
"meet","8"
"werent","8"
"neither","8"
"friends","8"
"sorry","8"
"guests","8"
"goodbye","8"
"bay","8"
"human","8"
"died","8"
"father","8"
"dim","8"
"filled","8"
"wonder","8"
"breath","8"
"crowded","8"
"done","8"
"point","8"
"gay","8"
"dan","8"
"red","8"
"calling","8"
"buy","8"
"whereupon","8"
"meyer","8"
"impression","8"
"water","8"
"ten","8"
"faint","8"
"reach","8"
"chauffeur","8"
"use","8"
"closed","8"
"opening","8"
"june","8"
"beauty","7"
"wrong","7"
"object","7"
"letter","7"
"blew","7"
"best","7"
"brown","7"
"dollars","7"
"louisville","7"
"sad","7"
"wolfshiems","7"
"newspaper","7"
"engaged","7"
"noon","7"
"hours","7"
"beautiful","7"
"driver","7"
"golf","7"
"gold","7"
"fresh","7"
"sharply","7"
"realized","7"
"books","7"
"hope","7"
"familiar","7"
"invited","7"
"excitement","7"
"above","7"
"order","7"
"scene","7"
"impatiently","7"
"whenever","7"
"yourself","7"
"flowers","7"
"thinking","7"
"klipspringer","7"
"month","7"
"help","7"
"fool","7"
"abruptly","7"
"else","7"
"cheerful","7"
"believed","7"
"servants","7"
"control","7"
"scarcely","7"
"clothes","7"
"fantastic","7"
"overhead","7"
"subject","7"
"threw","7"
"near","7"
"dreams","7"
"glance","7"
"police","7"
"pair","7"
"jumped","7"
"show","7"
"coffee","7"
"sharp","7"
"champagne","7"
"secret","7"
"cut","7"
"excited","7"
"often","7"
"remark","7"
"names","7"
"soft","7"
"solemn","7"
"changed","7"
"confusion","7"
"however","7"
"disappeared","7"
"says","7"
"dropped","7"
"given","7"
"wide","7"
"accepted","7"
"apartment","7"
"hotel","7"
"village","7"
"lower","7"
"anybody","7"
"edge","7"
"waiting","7"
"interrupted","7"
"looks","7"
"leaves","7"
"urged","7"
"assured","6"
"tree","6"
"accident","6"
"casually","6"
"shirts","6"
"tears","6"
"mans","6"
"thousand","6"
"color","6"
"ghostly","6"
"returned","6"
"floated","6"
"incessantly","6"
"leaning","6"
"kissed","6"
"spring","6"
"beneath","6"
"staring","6"
"casual","6"
"drawn","6"
"mistake","6"
"lucille","6"
"guessed","6"
"interested","6"
"polite","6"
"dance","6"
"james","6"
"muttered","6"
"early","6"
"strained","6"
"reason","6"
"nine","6"
"history","6"
"dream","6"
"soon","6"
"grew","6"
"circle","6"
"probably","6"
"invisible","6"
"damp","6"
"obviously","6"
"step","6"
"within","6"
"rested","6"
"sounded","6"
"stiff","6"
"singing","6"
"shaking","6"
"herself","6"
"able","6"
"affair","6"
"strange","6"
"shed","6"
"objected","6"
"stay","6"
"pardon","6"
"orchestra","6"
"dawn","6"
"loud","6"
"distance","6"
"mint","6"
"appeared","6"
"whiskey","6"
"suggestion","6"
"pink","6"
"till","6"
"may","6"
"mad","6"
"stretched","6"
"middle","6"
"bottle","6"
"downstairs","6"
"fall","6"
"movement","6"
"particular","6"
"pleasant","6"
"park","6"
"nervous","6"
"whatever","6"
"afterward","6"
"nobody","6"
"apparently","6"
"fellow","6"
"helped","6"
"host","6"
"j","6"
"dresses","6"
"shining","6"
"gate","6"
"curtains","6"
"bridge","6"
"clock","6"
"trust","6"
"mother","6"
"ice","6"
"vanished","6"
"backward","6"
"row","6"
"goes","6"
"today","6"
"figure","6"
"copy","6"
"included","6"
"song","6"
"flat","6"
"wondered","6"
"finding","6"
"attention","6"
"understood","6"
"motor","6"
"six","6"
"ones","6"
"view","6"
"present","6"
"promise","6"
"elaborate","5"
"golden","5"
"hold","5"
"cigarettes","5"
"groaning","5"
"touched","5"
"country","5"
"supper","5"
"son","5"
"funeral","5"
"following","5"
"spot","5"
"square","5"
"canvas","5"
"emotion","5"
"future","5"
"worried","5"
"boat","5"
"vague","5"
"intimate","5"
"slender","5"
"act","5"
"tight","5"
"case","5"
"pick","5"
"gorgeous","5"
"information","5"
"glowing","5"
"waved","5"
"murmured","5"
"self","5"
"also","5"
"death","5"
"connection","5"
"age","5"
"gathered","5"
"doubt","5"
"pieces","5"
"truth","5"
"glasses","5"
"eckleburg","5"
"innocently","5"
"drank","5"
"become","5"
"startled","5"
"chance","5"
"mansion","5"
"lap","5"
"lifted","5"
"elevator","5"
"enchanted","5"
"grave","5"
"enjoyed","5"
"receiver","5"
"tone","5"
"beating","5"
"automobiles","5"
"sidewalk","5"
"upper","5"
"bedroom","5"
"nor","5"
"hastily","5"
"blind","5"
"remained","5"
"discovered","5"
"leather","5"
"comes","5"
"informed","5"
"listening","5"
"t","5"
"twelve","5"
"throw","5"
"stars","5"
"moonlight","5"
"ahead","5"
"excuse","5"
"mounted","5"
"restless","5"
"gardener","5"
"american","5"
"lie","5"
"throwing","5"
"liked","5"
"meant","5"
"picked","5"
"ride","5"
"photograph","5"
"beg","5"
"shoulders","5"
"persistent","5"
"lavender","5"
"army","5"
"personal","5"
"surprise","5"
"definitely","5"
"cousin","5"
"interest","5"
"mile","5"
"france","5"
"neck","5"
"maybe","5"
"shoes","5"
"touching","5"
"careless","5"
"emerged","5"
"waiter","5"
"shot","5"
"cocktails","5"
"sudden","5"
"movements","5"
"running","5"
"pockets","5"
"mixed","5"
"husky","5"
"reluctant","5"
"difference","5"
"marble","5"
"thrilling","5"
"ashes","5"
"beginning","5"
"b","5"
"supposed","5"
"common","5"
"restaurant","5"
"gas","5"
"violently","5"
"jimmy","5"
"boys","5"
"thanks","5"
"yard","5"
"request","5"
"intensity","5"
"watched","5"
"position","5"
"alive","5"
"snapped","5"
"rushed","5"
"dressed","5"
"children","5"
"straw","5"
"aloud","5"
"saturday","5"
"top","5"
"incredulously","5"
"excitedly","5"
"wedding","5"
"continually","5"
"spread","5"
"sunlight","5"
"yacht","5"
"memory","5"
"autumn","5"
"begun","5"
"montenegro","5"
"vitality","5"
"quiet","5"
"polo","5"
"changing","5"
"violent","5"
"list","5"
"knows","5"
"ashheaps","5"
"convinced","5"
"cigarette","5"
"lying","5"
"grotesque","5"
"various","5"
"brick","5"
"gradually","5"
"drifted","5"
"instead","5"
"superior","5"
"worlds","5"
"piano","5"
"embarrassment","5"
"piece","5"
"walk","5"
"tired","4"
"locked","4"
"absolute","4"
"dignified","4"
"absorbed","4"
"shall","4"
"pocket","4"
"scorn","4"
"gleaming","4"
"worked","4"
"hat","4"
"o","4"
"hulking","4"
"happy","4"
"ground","4"
"yards","4"
"address","4"
"concealed","4"
"angry","4"
"wondering","4"
"admired","4"
"quarter","4"
"damned","4"
"aside","4"
"note","4"
"advertisement","4"
"trains","4"
"neighbor","4"
"sank","4"
"nurse","4"
"company","4"
"corrected","4"
"helplessly","4"
"broadway","4"
"number","4"
"determined","4"
"plan","4"
"cry","4"
"fire","4"
"straight","4"
"pressed","4"
"parents","4"
"wives","4"
"land","4"
"race","4"
"central","4"
"slid","4"
"bent","4"
"perfect","4"
"dock","4"
"blown","4"
"haven","4"
"tonight","4"
"bring","4"
"stuff","4"
"dusk","4"
"increased","4"
"swimming","4"
"places","4"
"gardens","4"
"baedeker","4"
"announced","4"
"smoke","4"
"blankly","4"
"dogs","4"
"luncheon","4"
"manner","4"
"de","4"
"gentleman","4"
"bound","4"
"wan","4"
"rhythm","4"
"uniform","4"
"usually","4"
"chin","4"
"drop","4"
"entirely","4"
"em","4"
"shows","4"
"card","4"
"tragic","4"
"breakfast","4"
"fifth","4"
"suspected","4"
"rear","4"
"uneasy","4"
"assumed","4"
"pointing","4"
"balancing","4"
"colossal","4"
"amount","4"
"arent","4"
"phrase","4"
"lit","4"
"drawing","4"
"damn","4"
"empty","4"
"game","4"
"popular","4"
"ordered","4"
"charming","4"
"crossed","4"
"costume","4"
"mentioned","4"
"completely","4"
"gaod","4"
"yawned","4"
"pursued","4"
"gesture","4"
"group","4"
"jersey","4"
"swinging","4"
"necessary","4"
"belonged","4"
"broad","4"
"instinct","4"
"sinister","4"
"madame","4"
"star","4"
"force","4"
"likely","4"
"wreck","4"
"movies","4"
"curiosity","4"
"hydroplane","4"
"attempt","4"
"third","4"
"bond","4"
"forgot","4"
"seem","4"
"decided","4"
"entered","4"
"sunshine","4"
"seven","4"
"deal","4"
"somehow","4"
"buchanans","4"
"frightened","4"
"milk","4"
"string","4"
"gayety","4"
"heres","4"
"french","4"
"merely","4"
"sunday","4"
"grow","4"
"basket","4"
"pointed","4"
"interesting","4"
"rock","4"
"carry","4"
"speaking","4"
"interior","4"
"surprising","4"
"veranda","4"
"oggsford","4"
"miles","4"
"harsh","4"
"pay","4"
"stepped","4"
"sprang","4"
"railroad","4"
"blessed","4"
"starting","4"
"owleyed","4"
"mothers","4"
"further","4"
"wiped","4"
"roosevelt","4"
"extraordinary","4"
"twenty","4"
"statement","4"
"youth","4"
"dancing","4"
"chester","4"
"finn","4"
"chatter","4"
"spent","4"
"snow","4"
"bit","4"
"invite","4"
"butlers","4"
"constant","4"
"utterly","4"
"strolled","4"
"gravel","4"
"presently","4"
"shock","4"
"others","4"
"private","4"
"themselves","4"
"embarrassed","4"
"eight","4"
"fixed","4"
"stores","4"
"lake","4"
"admitted","4"
"hate","4"
"pride","4"
"parted","4"
"hundreds","4"
"visible","4"
"free","4"
"oughtnt","4"
"raw","4"
"anxiously","4"
"finger","4"
"news","4"
"expected","4"
"shortly","4"
"apart","4"
"christmas","4"
"bath","4"
"tip","4"
"papers","4"
"realize","4"
"flushed","4"
"neighbors","4"
"yale","4"
"quick","4"
"slowed","4"
"vivid","4"
"lawns","4"
"huge","4"
"tipped","4"
"midnight","4"
"wagon","4"
"corners","4"
"nodding","4"
"gives","4"
"season","4"
"wandered","4"
"jazz","4"
"direction","4"
"decisively","4"
"reminded","4"
"desolate","4"
"rosy","4"
"tower","4"
"ladies","4"
"england","4"
"ale","4"
"follow","4"
"awful","4"
"sentimental","4"
"breaking","4"
"avenue","4"
"hill","4"
"thrown","4"
"introduction","4"
"pump","4"
"nights","4"
"glistening","4"
"vaguely","4"
"questions","4"
"impassioned","4"
"plaza","4"
"covered","4"
"profound","4"
"shell","4"
"july","4"
"ended","4"
"gets","4"
"carried","4"
"weather","4"
"intention","4"
"below","4"
"yachting","3"
"hers","3"
"circumstances","3"
"significance","3"
"service","3"
"needed","3"
"frowned","3"
"kaye","3"
"doors","3"
"camp","3"
"lots","3"
"breathlessly","3"
"player","3"
"tournament","3"
"chain","3"
"jerk","3"
"gasoline","3"
"sign","3"
"celebrated","3"
"falling","3"
"winter","3"
"swollen","3"
"instantly","3"
"compelled","3"
"shouted","3"
"coats","3"
"remarks","3"
"knee","3"
"pages","3"
"slow","3"
"keenly","3"
"flipped","3"
"s","3"
"formed","3"
"situation","3"
"thatll","3"
"drawingroom","3"
"wires","3"
"intended","3"
"gestures","3"
"clan","3"
"stranger","3"
"thinks","3"
"power","3"
"cared","3"
"handsome","3"
"rush","3"
"october","3"
"cream","3"
"waving","3"
"careful","3"
"th","3"
"sand","3"
"skepticism","3"
"keeping","3"
"paper","3"
"mattered","3"
"drifting","3"
"major","3"
"guess","3"
"heads","3"
"guest","3"
"immediate","3"
"stairs","3"
"sell","3"
"failed","3"
"europe","3"
"incident","3"
"devil","3"
"proprietor","3"
"raced","3"
"towns","3"
"uncertain","3"
"elevated","3"
"alert","3"
"irresistible","3"
"stables","3"
"odor","3"
"santa","3"
"bird","3"
"opinion","3"
"baby","3"
"mckees","3"
"kiss","3"
"shut","3"
"length","3"
"bother","3"
"awed","3"
"highballs","3"
"decade","3"
"riding","3"
"destiny","3"
"doorway","3"
"undergraduate","3"
"surprisingly","3"
"desk","3"
"finnish","3"
"pressure","3"
"naturally","3"
"suits","3"
"gonnegtion","3"
"searched","3"
"worth","3"
"wreath","3"
"simultaneously","3"
"worn","3"
"safe","3"
"forty","3"
"forth","3"
"shrubbery","3"
"phase","3"
"aunt","3"
"frowning","3"
"haunted","3"
"metropole","3"
"tostoffs","3"
"ragged","3"
"contact","3"
"farther","3"
"bore","3"
"fight","3"
"promised","3"
"welcome","3"
"intently","3"
"cap","3"
"bonds","3"
"candles","3"
"brain","3"
"forms","3"
"halt","3"
"nod","3"
"yeah","3"
"space","3"
"sheer","3"
"national","3"
"begin","3"
"shrill","3"
"burst","3"
"physically","3"
"notice","3"
"complained","3"
"breeze","3"
"apartments","3"
"exciting","3"
"momentarily","3"
"drift","3"
"tense","3"
"study","3"
"streets","3"
"emotions","3"
"telephoned","3"
"hell","3"
"reluctance","3"
"actually","3"
"absence","3"
"fully","3"
"perceptible","3"
"unexpected","3"
"horse","3"
"purposeless","3"
"officers","3"
"clear","3"
"clean","3"
"hips","3"
"moments","3"
"famous","3"
"involuntarily","3"
"described","3"
"walter","3"
"ready","3"
"belong","3"
"older","3"
"enthusiastically","3"
"wings","3"
"brakes","3"
"italian","3"
"seeing","3"
"dull","3"
"hovered","3"
"telling","3"
"barbara","3"
"boots","3"
"addressed","3"
"including","3"
"stout","3"
"perfectly","3"
"exactly","3"
"dumb","3"
"lightly","3"
"need","3"
"gust","3"
"key","3"
"armistice","3"
"tapped","3"
"effect","3"
"crushed","3"
"hush","3"
"repeat","3"
"noticed","3"
"north","3"
"nobodys","3"
"rumors","3"
"ecstatic","3"
"investigation","3"
"vast","3"
"dry","3"
"eyebrows","3"
"fellas","3"
"calmly","3"
"content","3"
"mistress","3"
"peculiar","3"
"palace","3"
"regular","3"
"annoyed","3"
"bar","3"
"fields","3"
"artificial","3"
"incessant","3"
"argument","3"
"grown","3"
"bells","3"
"ella","3"
"opportunity","3"
"infinitely","3"
"character","3"
"julep","3"
"save","3"
"dear","3"
"magazine","3"
"automatically","3"
"form","3"
"daddy","3"
"handed","3"
"skin","3"
"elbow","3"
"verge","3"
"wallet","3"
"drawer","3"
"shake","3"
"main","3"
"bootlegger","3"
"flattered","3"
"track","3"
"enter","3"
"shoe","3"
"incredulous","3"
"enthusiasm","3"
"blurred","3"
"reading","3"
"educated","3"
"wake","3"
"promising","3"
"different","3"
"shadows","3"
"served","3"
"unusual","3"
"violence","3"
"practical","3"
"important","3"
"suns","3"
"founded","3"
"tribute","3"
"eye","3"
"lemons","3"
"lingered","3"
"gravely","3"
"share","3"
"stir","3"
"playing","3"
"thinning","3"
"mystery","3"
"leash","3"
"orders","3"
"built","3"
"courage","3"
"silk","3"
"dances","3"
"simply","3"
"asserted","3"
"spend","3"
"source","3"
"deliberately","3"
"snap","3"
"mirror","3"
"decision","3"
"bored","3"
"hoped","3"
"theyll","3"
"accidental","3"
"arrange","3"
"giving","3"
"objects","3"
"sing","3"
"infantry","3"
"horns","3"
"mention","3"
"warned","3"
"radiant","3"
"pantry","3"
"approached","3"
"south","3"
"flashed","3"
"loves","3"
"throat","3"
"absurd","3"
"contemptuous","3"
"gasping","3"
"untrue","3"
"instant","3"
"finished","3"
"practice","3"
"center","3"
"nevertheless","3"
"civet","3"
"resolved","3"
"introduced","3"
"goin","3"
"limited","3"
"rise","3"
"loneliness","3"
"bloomed","3"
"limousine","3"
"join","3"
"scolding","3"
"swaying","3"
"eternal","3"
"sober","3"
"handkerchief","3"
"glow","3"
"flow","3"
"earth","3"
"borrowed","3"
"beads","3"
"habit","3"
"liquor","3"
"tattle","3"
"stopping","3"
"possessed","3"
"rubies","3"
"officer","3"
"hung","3"
"plum","3"
"stuck","3"
"removed","3"
"clouds","3"
"brother","3"
"pearls","3"
"hospitality","3"
"sports","3"
"sense","3"
"innumerable","3"
"cocktail","3"
"unutterable","3"
"glancing","3"
"delighted","3"
"ideas","3"
"lighted","3"
"clerks","3"
"fainted","3"
"shivered","3"
"satisfaction","3"
"bizarre","3"
"minister","3"
"muffled","3"
"hint","3"
"furniture","3"
"towel","3"
"rising","3"
"valley","3"
"faster","3"
"glimpse","3"
"worse","3"
"hesitation","3"
"difficulty","3"
"absently","3"
"eluded","3"
"mattress","3"
"fallen","3"
"breathless","3"
"relieved","3"
"outdoors","3"
"electric","3"
"longest","3"
"wrote","3"
"bare","3"
"sold","3"
"whod","3"
"woke","3"
"demand","3"
"conception","3"
"higher","3"
"whered","3"
"cheek","3"
"intense","3"
"fast","3"
"meaning","3"
"vigil","3"
"stable","3"
"breathing","3"
"bedrooms","3"
"incoherent","3"
"folds","3"
"doubtfully","3"
"timetable","3"
"anywhere","3"
"sir","3"
"panic","3"
"material","3"
"oranges","3"
"tray","3"
"g","3"
"sauntered","3"
"knowing","3"
"tangible","3"
"bending","3"
"earnestly","3"
"scared","3"
"ripped","3"
"sweat","3"
"powdered","3"
"whether","3"
"raining","2"
"foul","2"
"portentous","2"
"wavered","2"
"bill","2"
"elegant","2"
"haughtily","2"
"hilariously","2"
"roadhouse","2"
"increasing","2"
"reports","2"
"hurt","2"
"plunged","2"
"provincial","2"
"groaned","2"
"pigsty","2"
"machine","2"
"tangled","2"
"bringing","2"
"easier","2"
"interrupt","2"
"bowls","2"
"millions","2"
"ate","2"
"contralto","2"
"legs","2"
"collapse","2"
"surer","2"
"coward","2"
"endure","2"
"affairs","2"
"metallic","2"
"causing","2"
"busy","2"
"clicked","2"
"cousins","2"
"mens","2"
"unexpectedly","2"
"nature","2"
"rolled","2"
"edgar","2"
"marrying","2"
"blonde","2"
"privilege","2"
"eastern","2"
"remembering","2"
"eighteen","2"
"photographers","2"
"spectacles","2"
"ease","2"
"easy","2"
"possible","2"
"possibly","2"
"clustered","2"
"desire","2"
"gads","2"
"creative","2"
"shifting","2"
"despair","2"
"sob","2"
"magazines","2"
"support","2"
"halls","2"
"smashed","2"
"proud","2"
"accounting","2"
"uttered","2"
"ambitious","2"
"momentary","2"
"beamed","2"
"push","2"
"banners","2"
"gown","2"
"subway","2"
"understanding","2"
"wherever","2"
"studies","2"
"working","2"
"wicker","2"
"everywhere","2"
"natural","2"
"st","2"
"sh","2"
"hedge","2"
"solitary","2"
"torn","2"
"shirtwaist","2"
"contained","2"
"besides","2"
"afternoons","2"
"jewels","2"
"opposite","2"
"printed","2"
"saidbut","2"
"imagined","2"
"blinds","2"
"liable","2"
"marred","2"
"orchids","2"
"bureau","2"
"jaunty","2"
"concentrated","2"
"stretch","2"
"hilarity","2"
"himand","2"
"redolent","2"
"deft","2"
"pervading","2"
"memories","2"
"unsuccessfully","2"
"scientific","2"
"burning","2"
"gleam","2"
"hen","2"
"facethe","2"
"pull","2"
"spilled","2"
"dirty","2"
"amused","2"
"dressing","2"
"pointthe","2"
"joined","2"
"sang","2"
"carriages","2"
"november","2"
"science","2"
"learn","2"
"knocked","2"
"supercilious","2"
"dismissed","2"
"waves","2"
"flutter","2"
"refuse","2"
"twisting","2"
"iti","2"
"itd","2"
"signs","2"
"rapidly","2"
"tentatively","2"
"begged","2"
"missed","2"
"nervously","2"
"imagine","2"
"director","2"
"corrugated","2"
"gazed","2"
"slipped","2"
"marriage","2"
"commotion","2"
"seized","2"
"crossing","2"
"frightening","2"
"river","2"
"delicately","2"
"contour","2"
"leg","2"
"compliment","2"
"chrysties","2"
"coincidence","2"
"indefinite","2"
"firm","2"
"resting","2"
"wheeled","2"
"ferdie","2"
"rules","2"
"cigar","2"
"admission","2"
"couple","2"
"flannel","2"
"chorus","2"
"palm","2"
"agreement","2"
"nowhere","2"
"appropriate","2"
"influence","2"
"graceful","2"
"sunken","2"
"gossip","2"
"concerned","2"
"send","2"
"magic","2"
"racy","2"
"everythings","2"
"lutheran","2"
"invented","2"
"fifteen","2"
"thati","2"
"eleven","2"
"carrying","2"
"bend","2"
"slip","2"
"mumbled","2"
"blocks","2"
"produced","2"
"designs","2"
"outlined","2"
"expectantly","2"
"society","2"
"witness","2"
"snobbishly","2"
"owned","2"
"soothing","2"
"counter","2"
"cecil","2"
"courtesy","2"
"painting","2"
"buttons","2"
"exchanged","2"
"means","2"
"muttering","2"
"ends","2"
"figures","2"
"waste","2"
"fender","2"
"whitewashed","2"
"tenor","2"
"inquest","2"
"ball","2"
"pleasantly","2"
"fashionable","2"
"bothering","2"
"gulls","2"
"government","2"
"whispers","2"
"crisp","2"
"chairs","2"
"literally","2"
"avoid","2"
"schedule","2"
"coldly","2"
"letters","2"
"montenegros","2"
"muldoon","2"
"count","2"
"tossed","2"
"herthat","2"
"cordial","2"
"dilatory","2"
"ghost","2"
"lasted","2"
"sped","2"
"blanket","2"
"triumph","2"
"midsummer","2"
"machines","2"
"established","2"
"carpet","2"
"wrapping","2"
"daughter","2"
"secure","2"
"separated","2"
"indifferent","2"
"morbid","2"
"hasty","2"
"affected","2"
"katspaugh","2"
"fragment","2"
"break","2"
"recognizable","2"
"strangers","2"
"barrier","2"
"footsteps","2"
"vulgar","2"
"comin","2"
"hearse","2"
"scenes","2"
"unmistakable","2"
"forced","2"
"quieter","2"
"laden","2"
"nostrils","2"
"yours","2"
"reserve","2"
"resemblance","2"
"personality","2"
"runs","2"
"miserably","2"
"miserable","2"
"terms","2"
"rosycolored","2"
"gratitude","2"
"unhappily","2"
"warmth","2"
"overtaking","2"
"confirmed","2"
"patent","2"
"swell","2"
"adding","2"
"shout","2"
"securities","2"
"sends","2"
"orchid","2"
"denied","2"
"wasting","2"
"veiled","2"
"whys","2"
"unusually","2"
"dimly","2"
"reality","2"
"alertly","2"
"impulse","2"
"hurry","2"
"settee","2"
"aggressively","2"
"perceived","2"
"p","2"
"brave","2"
"helpless","2"
"roaring","2"
"extra","2"
"conceal","2"
"crept","2"
"vicinity","2"
"wealthy","2"
"bursts","2"
"avoided","2"
"saxophones","2"
"inevitable","2"
"honest","2"
"invitation","2"
"directly","2"
"impossible","2"
"ring","2"
"remotely","2"
"montauk","2"
"correction","2"
"distorted","2"
"america","2"
"german","2"
"realizing","2"
"inventions","2"
"roadster","2"
"fascinated","2"
"nineteenseventeen","2"
"inexplicable","2"
"moreover","2"
"commanded","2"
"worry","2"
"etc","2"
"closest","2"
"tradition","2"
"mirrored","2"
"struck","2"
"oblivion","2"
"pointlessly","2"
"wheat","2"
"sixty","2"
"sensuous","2"
"testimony","2"
"nowadays","2"
"stare","2"
"poured","2"
"delayed","2"
"sadness","2"
"chords","2"
"vines","2"
"overseas","2"
"monte","2"
"ceased","2"
"ferocious","2"
"colored","2"
"unpleasantness","2"
"offended","2"
"firmly","2"
"tries","2"
"airedale","2"
"food","2"
"desperately","2"
"infinite","2"
"mist","2"
"shifted","2"
"selling","2"
"grocery","2"
"kindly","2"
"impersonal","2"
"alongside","2"
"concentration","2"
"sturdy","2"
"flicker","2"
"unwillingly","2"
"meanwhile","2"
"interminable","2"
"missing","2"
"manycolored","2"
"riotous","2"
"salons","2"
"decency","2"
"judgments","2"
"restlessly","2"
"cemetery","2"
"sofa","2"
"fathers","2"
"coney","2"
"savage","2"
"faith","2"
"conscientious","2"
"tragically","2"
"draw","2"
"pretended","2"
"formal","2"
"tuolomee","2"
"suite","2"
"wave","2"
"button","2"
"melancholy","2"
"examining","2"
"drops","2"
"sought","2"
"arrangement","2"
"instinctively","2"
"circular","2"
"farm","2"
"bakers","2"
"soggy","2"
"tiptoes","2"
"massed","2"
"theyd","2"
"special","2"
"hostile","2"
"benediction","2"
"improving","2"
"precisely","2"
"attach","2"
"wrapped","2"
"final","2"
"overwhelming","2"
"distinguished","2"
"intentions","2"
"moths","2"
"connected","2"
"tire","2"
"inherited","2"
"powder","2"
"horribly","2"
"state","2"
"horrible","2"
"tent","2"
"hurrying","2"
"precious","2"
"haughty","2"
"smoking","2"
"surface","2"
"examined","2"
"fide","2"
"spree","2"
"glowed","2"
"mysterious","2"
"versailles","2"
"burden","2"
"glare","2"
"drizzle","2"
"eyesore","2"
"choked","2"
"freedom","2"
"recognized","2"
"tongue","2"
"accused","2"
"rule","2"
"suspiciously","2"
"protest","2"
"trousers","2"
"affect","2"
"thered","2"
"cardboard","2"
"drowned","2"
"honey","2"
"argonne","2"
"elicited","2"
"amazing","2"
"stilli","2"
"president","2"
"ghastly","2"
"glazed","2"
"chiffon","2"
"hushed","2"
"struggle","2"
"starts","2"
"reassure","2"
"ditch","2"
"solemnly","2"
"villages","2"
"begins","2"
"silly","2"
"sees","2"
"doc","2"
"weekends","2"
"wearing","2"
"earl","2"
"bag","2"
"softly","2"
"pebbles","2"
"simplest","2"
"picking","2"
"initiative","2"
"tiny","2"
"deeper","2"
"codys","2"
"melted","2"
"anchor","2"
"shame","2"
"delight","2"
"consciousness","2"
"sentence","2"
"legion","2"
"regarded","2"
"fashionably","2"
"arrivals","2"
"middlewest","2"
"innuendo","2"
"lied","2"
"tennis","2"
"floating","2"
"commuting","2"
"generally","2"
"genially","2"
"apology","2"
"discreetly","2"
"invent","2"
"unpleasant","2"
"penniless","2"
"advised","2"
"din","2"
"excellence","2"
"wail","2"
"box","2"
"bow","2"
"bob","2"
"loafing","2"
"rigid","2"
"soul","2"
"growing","2"
"arrive","2"
"swore","2"
"sworn","2"
"jail","2"
"block","2"
"tall","2"
"cute","2"
"maid","2"
"peered","2"
"stupid","2"
"correct","2"
"ajar","2"
"underwear","2"
"americans","2"
"seat","2"
"gathering","2"
"answering","2"
"paid","2"
"nearly","2"
"rigidly","2"
"august","2"
"according","2"
"disappointment","2"
"capable","2"
"offered","2"
"slapping","2"
"bathrooms","2"
"acquaintances","2"
"speech","2"
"triumphantly","2"
"drain","2"
"intermittent","2"
"amazed","2"
"astonishment","2"
"disappointed","2"
"cabs","2"
"drums","2"
"wiping","2"
"general","2"
"imagination","2"
"ceaselessly","2"
"marshes","2"
"remote","2"
"haired","2"
"invariably","2"
"sung","2"
"inexhaustible","2"
"crimson","2"
"neighborhood","2"
"swamps","2"
"squeezed","2"
"itll","2"
"formality","2"
"brisk","2"
"none","2"
"vladimir","2"
"dew","2"
"pressing","2"
"confirmation","2"
"attain","2"
"advice","2"
"arrogant","2"
"possessions","2"
"unrolled","2"
"struggling","2"
"groped","2"
"ashen","2"
"harm","2"
"everyone","2"
"oil","2"
"flower","2"
"acting","2"
"cups","2"
"wildly","2"
"sensation","2"
"gotten","2"
"trip","2"
"southampton","2"
"unhappy","2"
"express","2"
"ferret","2"
"breast","2"
"restaurants","2"
"cynical","2"
"degree","2"
"cakes","2"
"meeting","2"
"fur","2"
"solid","2"
"deferred","2"
"replaced","2"
"fun","2"
"beforeand","2"
"engrossed","2"
"motionless","2"
"howd","2"
"profoundly","2"
"hated","2"
"matters","2"
"machinegun","2"
"obliged","2"
"acquaintance","2"
"jewelry","2"
"per","2"
"eckleburgs","2"
"peculiarly","2"
"exercises","2"
"metal","2"
"excused","2"
"cellar","2"
"restoration","2"
"cooked","2"
"startlingly","2"
"verandas","2"
"uncomfortably","2"
"nephew","2"
"carlo","2"
"whatll","2"
"honor","2"
"gruff","2"
"unreal","2"
"obvious","2"
"closing","2"
"contempt","2"
"sunstrained","2"
"forest","2"
"linen","2"
"bunch","2"
"willing","2"
"cutting","2"
"stunts","2"
"freshness","2"
"identified","2"
"blazing","2"
"winked","2"
"flushing","2"
"explanations","2"
"negro","2"
"mantelpiece","2"
"tide","2"
"absorbing","2"
"paternal","2"
"knowledge","2"
"sonofabitch","2"
"fumbled","2"
"bear","2"
"tiptoed","2"
"attempting","2"
"passing","2"
"comment","2"
"abortive","2"
"pouring","2"
"tremendous","2"
"appearance","2"
"tumbled","2"
"defiant","2"
"sisters","2"
"muscle","2"
"latest","2"
"proximity","2"
"seats","2"
"tough","2"
"bench","2"
"match","2"
"newsstand","2"
"resolves","2"
"audible","2"
"happens","2"
"headlights","2"
"lieutenant","2"
"actual","2"
"contemptuously","2"
"wish","2"
"wisp","2"
"whisper","2"
"detail","2"
"hats","2"
"represented","2"
"path","2"
"visibly","2"
"grief","2"
"henry","2"
"diminished","2"
"returning","2"
"accusations","2"
"jumping","2"
"girders","2"
"splendid","2"
"prevented","2"
"powerful","2"
"gloom","2"
"detroit","2"
"ghosts","2"
"awoke","2"
"unbroken","2"
"ceiling","2"
"leaking","2"
"western","2"
"lather","2"
"beard","2"
"isolated","2"
"jauntily","2"
"colors","2"
"minnesota","2"
"swept","2"
"capacity","2"
"crossly","2"
"wear","2"
"faced","2"
"fault","2"
"confident","2"
"intending","2"
"strangest","2"
"cracked","2"
"brewer","2"
"forehead","2"
"lapsed","2"
"splendor","2"
"garnished","2"
"obscene","2"
"luckily","2"
"medium","2"
"admiration","2"
"suspicions","2"
"football","2"
"younger","2"
"flowered","2"
"advantage","2"
"impressive","2"
"level","2"
"port","2"
"reply","2"
"groups","2"
"descended","2"
"swallowed","2"
"roared","2"
"murmurous","2"
"newspapers","2"
"numbers","2"
"stroke","2"
"eighty","2"
"blocked","2"
"platform","2"
"lonely","2"
"underneath","2"
"catching","2"
"tumultuous","2"
"rotten","2"
"attracted","2"
"swing","2"
"rented","2"
"r","2"
"rent","2"
"silhouette","2"
"considered","2"
"cheap","2"
"regarding","2"
"reaction","2"
"period","2"
"couples","2"
"granted","2"
"events","2"
"driven","2"
"pennsylvania","2"
"relief","2"
"caterers","2"
"flashing","2"
"acute","2"
"oddly","2"
"perspiration","2"
"provided","2"
"scornful","2"
"ewing","2"
"jut","2"
"taylor","2"
"accusingly","2"
"dismayed","2"
"brass","2"
"tanned","2"
"sparkling","2"
"ticket","2"
"rate","2"
"musty","2"
"guns","2"
"obscurely","2"
"horses","2"
"swung","2"
"occasionally","2"
"extinguished","2"
"simplicity","2"
"shade","2"
"shorn","2"
"september","2"
"prac","2"
"hunted","2"
"generation","2"
"expect","2"
"roofs","2"
"divorce","2"
"consequence","2"
"automobile","2"
"hangs","2"
"exploded","2"
"cuff","2"
"stale","2"
"suspicious","2"
"melody","2"
"whistle","2"
"bona","2"
"consciously","2"
"reasons","2"
"sweet","2"
"sweep","2"
"hollowly","2"
"due","2"
"flight","2"
"workmen","2"
"shirt","2"
"wheres","2"
"continent","2"
"message","2"
"womens","2"
"raising","2"
"associated","2"
"scrutinized","2"
"issued","2"
"windy","2"
"simon","2"
"peering","2"
"disquieting","2"
"drinking","2"
"notes","2"
"procession","2"
"pushing","2"
"desired","2"
"submerged","2"
"duck","2"
"paused","2"
"duster","2"
"patron","2"
"struggles","2"
"sid","2"
"coolly","2"
"indignantly","2"
"holiday","2"
"ballroom","2"
"phrases","2"
"unknown","2"
"consoling","2"
"shelf","2"
"gloomily","2"
"catholic","2"
"florid","2"
"savagely","2"
"alarmed","2"
"brushed","2"
"chicken","2"
"local","2"
"watching","2"
"turbulent","2"
"closer","2"
"favor","2"
"limit","2"
"joy","2"
"narrowed","2"
"abandoned","2"
"unlike","2"
"hovering","2"
"largest","2"
"collar","2"
"heavily","2"
"cries","2"
"happiness","2"
"discuss","2"
"identical","2"
"searching","2"
"leader","2"
"rare","2"
"universe","2"
"owe","2"
"breeding","2"
"cake","2"
"eagerness","2"
"boom","2"
"kinds","2"
"fortythird","1"
"spidery","1"
"crooned","1"
"electricity","1"
"formless","1"
"sinking","1"
"forties","1"
"tantalizing","1"
"politician","1"
"screaming","1"
"rancour","1"
"disturb","1"
"relieving","1"
"threefifty","1"
"thunder","1"
"contributed","1"
"shocks","1"
"reporter","1"
"reported","1"
"gobut","1"
"unwillingness","1"
"climbed","1"
"natures","1"
"gayeties","1"
"punctilious","1"
"dearis","1"
"villageappalled","1"
"ithe","1"
"successful","1"
"georgian","1"
"unessential","1"
"pompadour","1"
"insantly","1"
"caution","1"
"somebodys","1"
"abstraction","1"
"crowdstepped","1"
"shores","1"
"wing","1"
"leisurely","1"
"sprawling","1"
"dreamed","1"
"fit","1"
"fix","1"
"hidden","1"
"hawthorn","1"
"fractiousness","1"
"slagle","1"
"detachment","1"
"beaux","1"
"sixteen","1"
"debut","1"
"dumps","1"
"clothed","1"
"yorkevery","1"
"preceded","1"
"whim","1"
"fortnight","1"
"blinded","1"
"whip","1"
"borne","1"
"smirk","1"
"excepting","1"
"urbane","1"
"clarence","1"
"friendsin","1"
"wilsonll","1"
"shelves","1"
"disturbed","1"
"reserving","1"
"playfully","1"
"wash","1"
"blossoms","1"
"bitter","1"
"wisdom","1"
"positively","1"
"exultation","1"
"showed","1"
"shower","1"
"dancies","1"
"boston","1"
"shyly","1"
"wholesome","1"
"soaked","1"
"divan","1"
"hum","1"
"huh","1"
"victoria","1"
"entry","1"
"yorkor","1"
"meetings","1"
"prig","1"
"gauge","1"
"tempted","1"
"capes","1"
"pitful","1"
"shuffling","1"
"bust","1"
"theme","1"
"dangles","1"
"plate","1"
"altogether","1"
"vicariously","1"
"lurches","1"
"boarder","1"
"addenda","1"
"lurched","1"
"fair","1"
"sensitivity","1"
"result","1"
"fail","1"
"ambitions","1"
"togetherit","1"
"souvenir","1"
"defiance","1"
"roller","1"
"pity","1"
"disdain","1"
"normandy","1"
"argue","1"
"vain","1"
"gypsies","1"
"fondled","1"
"shouting","1"
"union","1"
"sauterne","1"
"namesreappeared","1"
"moneya","1"
"evasions","1"
"chill","1"
"contingencies","1"
"omdash","1"
"delicatessen","1"
"elaborateness","1"
"riseshe","1"
"torpedoes","1"
"tune","1"
"peremptory","1"
"echoed","1"
"echoes","1"
"criticism","1"
"homogeneity","1"
"rushing","1"
"chartreuse","1"
"knock","1"
"birth","1"
"ideawe","1"
"remind","1"
"ardita","1"
"ballooned","1"
"creep","1"
"bottom","1"
"witty","1"
"price","1"
"shakes","1"
"yorka","1"
"terraced","1"
"restlessness","1"
"belugas","1"
"despised","1"
"fabric","1"
"constantly","1"
"monograms","1"
"offer","1"
"fascination","1"
"tigers","1"
"remarking","1"
"hemisphere","1"
"palmetto","1"
"circumstantial","1"
"rippling","1"
"proved","1"
"ohthats","1"
"belasco","1"
"protested","1"
"dotted","1"
"actor","1"
"flood","1"
"republic","1"
"superfluous","1"
"twentyfive","1"
"transported","1"
"intent","1"
"rolling","1"
"senior","1"
"fastened","1"
"twinkle","1"
"openmouthed","1"
"conferred","1"
"whoever","1"
"bewill","1"
"irrecoverable","1"
"venice","1"
"ver","1"
"crates","1"
"bribed","1"
"connecting","1"
"driveand","1"
"choice","1"
"bustle","1"
"exact","1"
"settle","1"
"speculation","1"
"melt","1"
"current","1"
"lazily","1"
"passengers","1"
"dusty","1"
"studied","1"
"melodious","1"
"bloody","1"
"marvelous","1"
"undergone","1"
"toppled","1"
"films","1"
"shouldered","1"
"theoretical","1"
"pavilions","1"
"loving","1"
"leeches","1"
"approving","1"
"claud","1"
"valued","1"
"deserved","1"
"pretend","1"
"privy","1"
"flannels","1"
"webster","1"
"suggestiveness","1"
"frogs","1"
"septic","1"
"thanking","1"
"dinneryoung","1"
"laundry","1"
"hog","1"
"casualness","1"
"dorcaster","1"
"sideline","1"
"date","1"
"suck","1"
"conscious","1"
"darkened","1"
"drunken","1"
"tore","1"
"thumb","1"
"banjoes","1"
"troubled","1"
"decades","1"
"inconsequence","1"
"rosebeds","1"
"pparalyzed","1"
"garagethen","1"
"quartet","1"
"necklaceor","1"
"whosoever","1"
"growths","1"
"entering","1"
"salads","1"
"rioters","1"
"exploding","1"
"million","1"
"seventh","1"
"training","1"
"snell","1"
"wanderers","1"
"massive","1"
"conscientiously","1"
"themwith","1"
"bite","1"
"indicate","1"
"shiver","1"
"begotten","1"
"lingering","1"
"snatch","1"
"unsoughtfrequently","1"
"fooled","1"
"representing","1"
"depressed","1"
"favors","1"
"manykeyed","1"
"wandering","1"
"addressing","1"
"san","1"
"sumptuous","1"
"lurking","1"
"borough","1"
"dewars","1"
"elongating","1"
"nymphs","1"
"roadside","1"
"wanting","1"
"blinding","1"
"moonlightwatching","1"
"altered","1"
"buffet","1"
"counterraid","1"
"singlemindedness","1"
"axe","1"
"atlantic","1"
"salt","1"
"trembled","1"
"affirmed","1"
"laws","1"
"madison","1"
"murmurs","1"
"surplus","1"
"babbled","1"
"aggressive","1"
"itits","1"
"cloak","1"
"dispute","1"
"graceless","1"
"countered","1"
"cursing","1"
"outlet","1"
"fenders","1"
"priest","1"
"arrival","1"
"overwound","1"
"anyways","1"
"alarming","1"
"denizen","1"
"mops","1"
"apparition","1"
"jovial","1"
"menacing","1"
"suppressed","1"
"ineptly","1"
"millionaire","1"
"expended","1"
"oculist","1"
"extravagantly","1"
"twin","1"
"softmindedness","1"
"vacation","1"
"needlessly","1"
"eitheruntil","1"
"lanes","1"
"clamorously","1"
"tightened","1"
"dressi","1"
"smallbreasted","1"
"endured","1"
"brow","1"
"colorhe","1"
"ivy","1"
"shuts","1"
"helpfully","1"
"phantom","1"
"barbed","1"
"squeamishness","1"
"undefined","1"
"vacant","1"
"idiotically","1"
"truculent","1"
"wordinstead","1"
"robins","1"
"tunelessly","1"
"endive","1"
"rejoin","1"
"decomposed","1"
"dart","1"
"traffic","1"
"clam","1"
"clad","1"
"souvenirs","1"
"discarded","1"
"superiority","1"
"glamor","1"
"stationary","1"
"satisfactory","1"
"diving","1"
"divine","1"
"schraeders","1"
"belcher","1"
"reposing","1"
"poise","1"
"bootleggers","1"
"stone","1"
"package","1"
"shiftlessness","1"
"mendelssohns","1"
"matteroffact","1"
"perturbed","1"
"americanthat","1"
"image","1"
"sneering","1"
"pivot","1"
"burglar","1"
"bookcases","1"
"philadelphia","1"
"detachments","1"
"drivingnext","1"
"gliding","1"
"stoddard","1"
"sixtyfive","1"
"panelled","1"
"darker","1"
"ohh","1"
"fright","1"
"gaspumps","1"
"watcher","1"
"walks","1"
"creak","1"
"tranquil","1"
"perspired","1"
"adriatic","1"
"sheepishly","1"
"intimation","1"
"itsigned","1"
"omnibus","1"
"tricks","1"
"dyed","1"
"mass","1"
"adam","1"
"original","1"
"consider","1"
"smallyes","1"
"hunting","1"
"laughing","1"
"chewing","1"
"splashing","1"
"puzzled","1"
"swallows","1"
"strand","1"
"lawnmower","1"
"undeserted","1"
"tablethe","1"
"gardensfinally","1"
"pretenses","1"
"pass","1"
"investment","1"
"alonehe","1"
"cast","1"
"electrocuted","1"
"imperceptibly","1"
"contrast","1"
"hash","1"
"legend","1"
"wistfulness","1"
"sender","1"
"experience","1"
"action","1"
"doingand","1"
"pearl","1"
"stopus","1"
"diningroom","1"
"pleasing","1"
"halfsick","1"
"morgan","1"
"knowlock","1"
"civilizations","1"
"accept","1"
"states","1"
"fiercely","1"
"endowing","1"
"transcendent","1"
"disliked","1"
"tapestry","1"
"reproachfully","1"
"montenegrin","1"
"freshly","1"
"relinquished","1"
"reveries","1"
"seelbach","1"
"plane","1"
"authentic","1"
"peoplewith","1"
"resemble","1"
"rowdy","1"
"fundamental","1"
"bowl","1"
"distortion","1"
"questioningly","1"
"pane","1"
"smiling","1"
"sothe","1"
"revalued","1"
"startedit","1"
"sufferinglook","1"
"skipper","1"
"idols","1"
"weedy","1"
"reassured","1"
"yellowy","1"
"courses","1"
"undespairingly","1"
"accelerator","1"
"contiguous","1"
"blues","1"
"wellforgotten","1"
"salute","1"
"belief","1"
"risen","1"
"snubnosed","1"
"reproach","1"
"owners","1"
"twentyone","1"
"w","1"
"contingency","1"
"delicate","1"
"rooted","1"
"ulster","1"
"probity","1"
"heady","1"
"grace","1"
"taxis","1"
"nowthere","1"
"andhere","1"
"suffocating","1"
"fights","1"
"officereally","1"
"scrawled","1"
"odd","1"
"generalized","1"
"brace","1"
"swiftly","1"
"cover","1"
"artistic","1"
"heaps","1"
"despise","1"
"clog","1"
"overwhelmed","1"
"occupation","1"
"sideboard","1"
"gambler","1"
"unjustly","1"
"indifference","1"
"ceasing","1"
"sunny","1"
"vanishedand","1"
"ninth","1"
"reporters","1"
"tumult","1"
"tanked","1"
"banking","1"
"dismounted","1"
"peasantry","1"
"rumored","1"
"nibble","1"
"migration","1"
"overboard","1"
"howdedo","1"
"knees","1"
"spirits","1"
"movie","1"
"nope","1"
"hauteur","1"
"lem","1"
"nonexistent","1"
"michaeliss","1"
"opal","1"
"barely","1"
"shortsighted","1"
"whitechanged","1"
"frosty","1"
"flounced","1"
"sweetheart","1"
"champion","1"
"races","1"
"sleeves","1"
"expanded","1"
"admire","1"
"forgetting","1"
"kissing","1"
"hoping","1"
"twentyseven","1"
"von","1"
"saddening","1"
"chase","1"
"starlight","1"
"choking","1"
"importantlooking","1"
"recent","1"
"gatefirst","1"
"marriedand","1"
"concrete","1"
"cannes","1"
"clasped","1"
"composed","1"
"responsible","1"
"telegram","1"
"lester","1"
"tactlessly","1"
"pillars","1"
"eager","1"
"crying","1"
"comprehensible","1"
"defiantly","1"
"emergency","1"
"demands","1"
"outstay","1"
"shading","1"
"d","1"
"faultgatsby","1"
"crescendo","1"
"irresistibly","1"
"fivepiece","1"
"clays","1"
"transactions","1"
"discontented","1"
"deserves","1"
"paintless","1"
"repair","1"
"awaited","1"
"sightseeing","1"
"youdo","1"
"spat","1"
"elsewhere","1"
"slump","1"
"link","1"
"considerable","1"
"employerthe","1"
"slander","1"
"continuously","1"
"consumed","1"
"insignia","1"
"debauchee","1"
"squinted","1"
"coasting","1"
"skimming","1"
"unscrupulouslyeventually","1"
"gusts","1"
"doorposts","1"
"fixing","1"
"occasional","1"
"breathalready","1"
"beginnings","1"
"herselfthat","1"
"sides","1"
"lane","1"
"wafer","1"
"code","1"
"partial","1"
"ashamed","1"
"knotted","1"
"lookedthe","1"
"shrugged","1"
"dislike","1"
"carelessly","1"
"indicating","1"
"consuela","1"
"stocked","1"
"panting","1"
"loitered","1"
"marry","1"
"challenge","1"
"disordered","1"
"pajamas","1"
"whyhow","1"
"dejection","1"
"indian","1"
"crickets","1"
"led","1"
"orleans","1"
"punch","1"
"octave","1"
"sentimentality","1"
"ah","1"
"makes","1"
"explain","1"
"lillythey","1"
"francis","1"
"excursions","1"
"pencil","1"
"baffled","1"
"slowthinking","1"
"retreated","1"
"athlete","1"
"immediatelyand","1"
"slit","1"
"pour","1"
"drill","1"
"murmuring","1"
"rode","1"
"transpired","1"
"etty","1"
"herhow","1"
"shuffled","1"
"mumbles","1"
"establishment","1"
"ashgrey","1"
"tied","1"
"pigs","1"
"ties","1"
"solidarity","1"
"halfpast","1"
"realizes","1"
"producer","1"
"motorcycle","1"
"horsdoeuvre","1"
"broiling","1"
"challengingly","1"
"varies","1"
"meantime","1"
"stalled","1"
"thirtythird","1"
"earn","1"
"snake","1"
"mysteries","1"
"nowwas","1"
"hideandgoseek","1"
"traced","1"
"accompanies","1"
"betty","1"
"accompanied","1"
"wander","1"
"traversed","1"
"incalculable","1"
"greedy","1"
"disintegrating","1"
"alighted","1"
"staggered","1"
"platonic","1"
"myyou","1"
"straining","1"
"threecornered","1"
"blows","1"
"buoyed","1"
"exhilarating","1"
"lacing","1"
"havea","1"
"yellowing","1"
"extraordinarily","1"
"devotion","1"
"false","1"
"trusting","1"
"partnership","1"
"gently","1"
"reassuring","1"
"defending","1"
"illuminated","1"
"deeplyi","1"
"hungrily","1"
"twentytwo","1"
"soap","1"
"unobtrusively","1"
"backhyssons","1"
"petals","1"
"device","1"
"fervent","1"
"stronger","1"
"furnish","1"
"atmosphere","1"
"greenhouse","1"
"yolks","1"
"principal","1"
"quickened","1"
"handle","1"
"sweetie","1"
"listened","1"
"lucky","1"
"eckhaust","1"
"apathetically","1"
"luminosity","1"
"taxes","1"
"ohio","1"
"incurably","1"
"temporarily","1"
"goddard","1"
"sadshe","1"
"insulting","1"
"didntat","1"
"interestedinterested","1"
"scrolls","1"
"notion","1"
"wingless","1"
"seaboard","1"
"figured","1"
"drum","1"
"whyyees","1"
"adjusted","1"
"elations","1"
"dazzling","1"
"feather","1"
"louisiana","1"
"trinity","1"
"coherence","1"
"officehe","1"
"shiftless","1"
"theyve","1"
"greco","1"
"washstand","1"
"immoderately","1"
"wayjust","1"
"tattoo","1"
"oldfashioned","1"
"valour","1"
"glaring","1"
"merton","1"
"identity","1"
"southeastern","1"
"command","1"
"tactfully","1"
"fragilely","1"
"aspired","1"
"paul","1"
"generous","1"
"clergyman","1"
"arrest","1"
"fluctuating","1"
"moneythat","1"
"sterner","1"
"height","1"
"jewett","1"
"aching","1"
"daylight","1"
"choosing","1"
"flush","1"
"humming","1"
"recognition","1"
"shone","1"
"leveragea","1"
"passion","1"
"sidestreet","1"
"blowing","1"
"imaginary","1"
"stage","1"
"gypped","1"
"whistles","1"
"cadet","1"
"wellhe","1"
"erect","1"
"hubert","1"
"defiantlytaken","1"
"roads","1"
"swimmers","1"
"jingled","1"
"boisterously","1"
"disapproval","1"
"scanty","1"
"crabbing","1"
"rhythmic","1"
"complacency","1"
"shellrimmed","1"
"seawardand","1"
"lowered","1"
"deficiency","1"
"official","1"
"triumphant","1"
"fallsbut","1"
"profusion","1"
"nurses","1"
"whiskeya","1"
"manwhat","1"
"piccolos","1"
"ina","1"
"crowdwhen","1"
"walters","1"
"compared","1"
"variety","1"
"lately","1"
"illusion","1"
"francisco","1"
"monday","1"
"gruffly","1"
"eddies","1"
"radiantly","1"
"villainous","1"
"expostulation","1"
"womans","1"
"desirable","1"
"swirls","1"
"effectually","1"
"daze","1"
"regal","1"
"manit","1"
"perishable","1"
"tickets","1"
"bewildered","1"
"harrowed","1"
"flatnosed","1"
"horn","1"
"neat","1"
"crunch","1"
"notions","1"
"watchers","1"
"smoky","1"
"highly","1"
"hereand","1"
"bundled","1"
"agonizingly","1"
"continual","1"
"blocking","1"
"authentically","1"
"wore","1"
"divorced","1"
"welldressed","1"
"gatsbyone","1"
"criticizing","1"
"gloria","1"
"indicated","1"
"quivering","1"
"flung","1"
"indies","1"
"caterwauling","1"
"blackwells","1"
"inhabitants","1"
"sleeplessness","1"
"boats","1"
"gamble","1"
"namewith","1"
"fever","1"
"ladder","1"
"complacent","1"
"chilled","1"
"elusive","1"
"greek","1"
"wriggling","1"
"ambulance","1"
"modesty","1"
"savors","1"
"impressionability","1"
"savory","1"
"pammy","1"
"tuttuttuttut","1"
"band","1"
"baggage","1"
"rocky","1"
"l","1"
"overpopulated","1"
"dumping","1"
"flock","1"
"hooked","1"
"fellows","1"
"forto","1"
"unrestfully","1"
"colorless","1"
"concluded","1"
"mourning","1"
"wealthyeven","1"
"recovering","1"
"created","1"
"aleand","1"
"blossomed","1"
"tangle","1"
"adventitious","1"
"john","1"
"crunched","1"
"unheard","1"
"rejected","1"
"rippled","1"
"unmistakably","1"
"tipping","1"
"pessimist","1"
"strength","1"
"latter","1"
"subjects","1"
"luxury","1"
"circles","1"
"germany","1"
"accounted","1"
"responded","1"
"subtly","1"
"lewis","1"
"ambiguously","1"
"treesjust","1"
"chandelier","1"
"respectfully","1"
"subtle","1"
"uninflected","1"
"wasteful","1"
"pursuing","1"
"jauntiness","1"
"sporting","1"
"rectangle","1"
"di","1"
"da","1"
"familyhe","1"
"vividly","1"
"aalmost","1"
"spots","1"
"gears","1"
"rung","1"
"steal","1"
"secretary","1"
"erroneous","1"
"lemonade","1"
"observed","1"
"draws","1"
"bracing","1"
"likedand","1"
"familiarit","1"
"mincing","1"
"unfold","1"
"nordics","1"
"gasped","1"
"freshest","1"
"talkedher","1"
"condescending","1"
"sometimesbut","1"
"oblivious","1"
"shockit","1"
"chimneys","1"
"brokenshe","1"
"repelled","1"
"excite","1"
"salon","1"
"conviction","1"
"reciprocal","1"
"teagarden","1"
"pungent","1"
"abrupt","1"
"aid","1"
"beetles","1"
"tissue","1"
"brake","1"
"teutonic","1"
"recurrent","1"
"clearly","1"
"fuss","1"
"rail","1"
"drip","1"
"yorkand","1"
"gods","1"
"newton","1"
"victim","1"
"goda","1"
"convivial","1"
"hills","1"
"photographer","1"
"belongs","1"
"board","1"
"photographed","1"
"editorials","1"
"bastards","1"
"disadvantage","1"
"rustle","1"
"expressionthen","1"
"sparse","1"
"security","1"
"cooled","1"
"romecollecting","1"
"born","1"
"gasline","1"
"asking","1"
"adorable","1"
"columbus","1"
"pose","1"
"illustration","1"
"englishmen","1"
"graduated","1"
"impenetrable","1"
"theirs","1"
"coral","1"
"dined","1"
"towelswhile","1"
"hopalong","1"
"formidable","1"
"stumble","1"
"wailed","1"
"wag","1"
"wad","1"
"hindenburg","1"
"peninsula","1"
"garages","1"
"elderly","1"
"astonished","1"
"absent","1"
"ancestral","1"
"crystal","1"
"inquiring","1"
"promises","1"
"hotter","1"
"curiosities","1"
"dying","1"
"shrink","1"
"brothers","1"
"fiftyone","1"
"funerals","1"
"swathed","1"
"switched","1"
"wellgoodbye","1"
"grateful","1"
"plucked","1"
"layers","1"
"flask","1"
"flash","1"
"permanently","1"
"terror","1"
"disapproved","1"
"puppyish","1"
"feebly","1"
"decking","1"
"ferociously","1"
"collegeone","1"
"gus","1"
"steeple","1"
"regret","1"
"cost","1"
"greatuncle","1"
"appeal","1"
"cynically","1"
"satisfy","1"
"muslin","1"
"twinklebells","1"
"appears","1"
"europeparis","1"
"homecoming","1"
"marked","1"
"manywindowed","1"
"nineteennineteen","1"
"senile","1"
"commissioner","1"
"abrams","1"
"club","1"
"throbbed","1"
"beluga","1"
"beaver","1"
"deskhed","1"
"cat","1"
"cab","1"
"stimulating","1"
"stormily","1"
"december","1"
"bridesmaid","1"
"wornout","1"
"unwavering","1"
"malevolence","1"
"write","1"
"flank","1"
"dominance","1"
"aof","1"
"product","1"
"gardenas","1"
"dampened","1"
"ponies","1"
"southern","1"
"disgusted","1"
"lifting","1"
"benny","1"
"fortuitously","1"
"offend","1"
"barnyard","1"
"birds","1"
"factual","1"
"flink","1"
"introduce","1"
"servant","1"
"vinous","1"
"el","1"
"fired","1"
"ed","1"
"sandwich","1"
"et","1"
"kant","1"
"amusement","1"
"shown","1"
"bulkiness","1"
"happenings","1"
"inevitably","1"
"divergence","1"
"snells","1"
"quart","1"
"advantages","1"
"vestige","1"
"contemplation","1"
"transition","1"
"vehemently","1"
"palaces","1"
"serfs","1"
"size","1"
"sheep","1"
"sheet","1"
"monopolizing","1"
"breed","1"
"trimalchio","1"
"traction","1"
"checker","1"
"forwardand","1"
"pomp","1"
"expanse","1"
"appreciated","1"
"quadthe","1"
"lunched","1"
"toolboxes","1"
"cymbals","1"
"fruits","1"
"surname","1"
"twinkled","1"
"slap","1"
"recover","1"
"lumps","1"
"veteran","1"
"oppositethe","1"
"packed","1"
"oppressive","1"
"bleared","1"
"youwhy","1"
"ejaculated","1"
"failure","1"
"steady","1"
"sunset","1"
"switchesonce","1"
"rambling","1"
"windshields","1"
"gratified","1"
"molars","1"
"maine","1"
"aint","1"
"stained","1"
"staid","1"
"stain","1"
"jovially","1"
"truly","1"
"bracelets","1"
"gleamed","1"
"luxuriated","1"
"thenand","1"
"anchored","1"
"reputed","1"
"suspects","1"
"complexion","1"
"justified","1"
"recedes","1"
"blame","1"
"stouter","1"
"foxtroti","1"
"reluctantly","1"
"wheels","1"
"wreaths","1"
"renewals","1"
"cares","1"
"tropical","1"
"observers","1"
"external","1"
"practicalitythat","1"
"seventyfive","1"
"prehistoric","1"
"developing","1"
"trick","1"
"notoriety","1"
"shirtfront","1"
"sawdust","1"
"embrace","1"
"washrag","1"
"gentlemen","1"
"inquiry","1"
"fraternal","1"
"herethis","1"
"extravaganza","1"
"foam","1"
"fruit","1"
"enchanting","1"
"traps","1"
"cornets","1"
"tossing","1"
"mingling","1"
"yearseven","1"
"momentum","1"
"frown","1"
"specimen","1"
"earnest","1"
"middlewestall","1"
"heightened","1"
"greeting","1"
"mediterraneanthen","1"
"kaiser","1"
"peremptorily","1"
"unlocked","1"
"putter","1"
"conservative","1"
"willie","1"
"chefs","1"
"flinched","1"
"uncivilized","1"
"itto","1"
"creaking","1"
"friendship","1"
"journey","1"
"deranged","1"
"area","1"
"groan","1"
"curiously","1"
"spades","1"
"hire","1"
"gibberish","1"
"araby","1"
"describe","1"
"drawerthat","1"
"cabinets","1"
"credibility","1"
"elemental","1"
"overwhelmingly","1"
"teeth","1"
"pasquinadebut","1"
"building","1"
"supperthere","1"
"doubted","1"
"managed","1"
"antoinette","1"
"referring","1"
"dinnertime","1"
"confidential","1"
"homes","1"
"coloured","1"
"decide","1"
"securely","1"
"throbbing","1"
"fence","1"
"careerwhen","1"
"value","1"
"cheeksnot","1"
"witnessed","1"
"lurch","1"
"learned","1"
"loose","1"
"tracks","1"
"suicide","1"
"trunk","1"
"gloomiest","1"
"strong","1"
"interposed","1"
"wonderff","1"
"inspired","1"
"fruiterer","1"
"soldier","1"
"himi","1"
"poolrooms","1"
"unprosperous","1"
"invitedthey","1"
"virgins","1"
"thatched","1"
"conventional","1"
"takes","1"
"ofof","1"
"revelation","1"
"millionairesall","1"
"bushes","1"
"quickening","1"
"commenced","1"
"hardware","1"
"corpulent","1"
"alonefifty","1"
"justwhat","1"
"quartets","1"
"guiltyas","1"
"sigourney","1"
"rude","1"
"unashamed","1"
"inconceivable","1"
"breathgiving","1"
"dread","1"
"concealing","1"
"committed","1"
"wellshaved","1"
"grandfathers","1"
"requestwould","1"
"referred","1"
"heavy","1"
"roomhe","1"
"exasperated","1"
"scenehis","1"
"event","1"
"gnawings","1"
"presumptuous","1"
"issue","1"
"sympathized","1"
"bass","1"
"moan","1"
"asa","1"
"uncertainly","1"
"leading","1"
"knocking","1"
"reflected","1"
"knickerbockers","1"
"visions","1"
"generalities","1"
"commensurate","1"
"himhe","1"
"marriedgod","1"
"tapestried","1"
"boredom","1"
"blindly","1"
"grocers","1"
"withered","1"
"nineteenhundreds","1"
"juice","1"
"ecstatically","1"
"uncommunicable","1"
"sentences","1"
"vulnerable","1"
"retracted","1"
"suddenness","1"
"flaming","1"
"lip","1"
"comprehended","1"
"aired","1"
"experienced","1"
"hired","1"
"winecolored","1"
"approved","1"
"rockefeller","1"
"retinas","1"
"stalked","1"
"phenomenon","1"
"stunned","1"
"celebrities","1"
"sheik","1"
"ravenously","1"
"impressively","1"
"heavens","1"
"flicked","1"
"flesh","1"
"dominant","1"
"catches","1"
"gloved","1"
"perfume","1"
"vestibule","1"
"seventeen","1"
"disapproving","1"
"maurice","1"
"remainas","1"
"addressinside","1"
"protecting","1"
"familiarits","1"
"pictures","1"
"familiarity","1"
"grocer","1"
"condescension","1"
"fluently","1"
"secrets","1"
"anon","1"
"facedor","1"
"taxiwindow","1"
"headed","1"
"clubfor","1"
"mumble","1"
"unrestrained","1"
"yukon","1"
"coarse","1"
"generating","1"
"exempt","1"
"excitingly","1"
"modelling","1"
"lives","1"
"liver","1"
"suchsuch","1"
"whyabout","1"
"intriguing","1"
"unconvincingly","1"
"rope","1"
"brilliant","1"
"smart","1"
"guide","1"
"pack","1"
"midnightwas","1"
"overlooked","1"
"embroidered","1"
"reads","1"
"albany","1"
"youngerwith","1"
"grand","1"
"composition","1"
"hallway","1"
"transitory","1"
"haunting","1"
"dissimilarity","1"
"indefinable","1"
"appalled","1"
"authoritatively","1"
"fastern","1"
"crowdit","1"
"winced","1"
"remaining","1"
"wised","1"
"march","1"
"capacities","1"
"roughneck","1"
"resorted","1"
"duluth","1"
"urgent","1"
"civilization","1"
"sensuously","1"
"rub","1"
"rug","1"
"nerves","1"
"abroad","1"
"tracing","1"
"stonewall","1"
"positive","1"
"nonsense","1"
"gilt","1"
"sprawled","1"
"maintenon","1"
"beginningand","1"
"bantering","1"
"janitors","1"
"authority","1"
"cautiously","1"
"croiriers","1"
"middlewestern","1"
"chromes","1"
"hesitantly","1"
"chafed","1"
"sharing","1"
"voltaires","1"
"surmise","1"
"ancestors","1"
"labyrinth","1"
"department","1"
"indecipherable","1"
"smiles","1"
"crouching","1"
"nogatsby","1"
"swede","1"
"sedative","1"
"wellbeing","1"
"clenched","1"
"ignorant","1"
"ammonia","1"
"languid","1"
"compact","1"
"vacuous","1"
"sardinesinthebox","1"
"attired","1"
"friendly","1"
"oppressivenessit","1"
"squeaked","1"
"barbary","1"
"flickered","1"
"click","1"
"arrivedno","1"
"plays","1"
"suppressions","1"
"substantiality","1"
"poles","1"
"boxesthats","1"
"tournaments","1"
"maecenas","1"
"rosary","1"
"antecedents","1"
"addresses","1"
"win","1"
"daisyit","1"
"wit","1"
"inafter","1"
"cloud","1"
"remains","1"
"agreeable","1"
"cheeks","1"
"imprisons","1"
"becomes","1"
"insincerity","1"
"myrtlell","1"
"rivalry","1"
"arched","1"
"infinitesimal","1"
"links","1"
"raspingly","1"
"pulling","1"
"wonderful","1"
"darkening","1"
"skirt","1"
"boasting","1"
"howve","1"
"alland","1"
"quotations","1"
"bathing","1"
"brittle","1"
"inquisitions","1"
"brood","1"
"somethingan","1"
"affectations","1"
"masters","1"
"slide","1"
"pools","1"
"nothingonly","1"
"upward","1"
"kellehers","1"
"quivered","1"
"measure","1"
"secretly","1"
"entertainment","1"
"welltodo","1"
"confess","1"
"crimsonlighted","1"
"cause","1"
"umbrella","1"
"stifflywas","1"
"sneer","1"
"resumed","1"
"bureaugatsby","1"
"nowisnt","1"
"confuse","1"
"disembodied","1"
"bitch","1"
"fella","1"
"privacy","1"
"durable","1"
"relations","1"
"cunard","1"
"caravansary","1"
"aboutthings","1"
"specimens","1"
"swindler","1"
"bet","1"
"function","1"
"portrait","1"
"border","1"
"battles","1"
"instance","1"
"romances","1"
"sufficiency","1"
"truck","1"
"medals","1"
"lectures","1"
"rackrent","1"
"montana","1"
"nonolfactory","1"
"astonishing","1"
"wentmr","1"
"parkes","1"
"scampered","1"
"unfathomable","1"
"fiftyninth","1"
"parked","1"
"itoverripe","1"
"unfinished","1"
"schultzes","1"
"starshine","1"
"strident","1"
"brighter","1"
"employed","1"
"dodge","1"
"crumbling","1"
"joint","1"
"joins","1"
"dwellings","1"
"endless","1"
"conservatory","1"
"tobacco","1"
"dennickers","1"
"contain","1"
"tunes","1"
"spotted","1"
"pitch","1"
"capitalists","1"
"legacy","1"
"desperate","1"
"kicking","1"
"limits","1"
"career","1"
"wellrounded","1"
"inessential","1"
"bearing","1"
"sophisticatedgod","1"
"kings","1"
"erased","1"
"tread","1"
"addition","1"
"thanked","1"
"treat","1"
"controlled","1"
"civilizationoh","1"
"highershirts","1"
"digger","1"
"corky","1"
"swastika","1"
"harder","1"
"fiance","1"
"owns","1"
"bucks","1"
"underground","1"
"plaids","1"
"himwith","1"
"fierce","1"
"rift","1"
"transaction","1"
"cantwhen","1"
"nebulous","1"
"enormously","1"
"attractively","1"
"mistaken","1"
"newsand","1"
"extends","1"
"stratum","1"
"fate","1"
"awnings","1"
"turbulence","1"
"prominent","1"
"page","1"
"oncebut","1"
"thereit","1"
"peter","1"
"handas","1"
"humorously","1"
"overdreamedthat","1"
"startling","1"
"journal","1"
"poignant","1"
"cataracts","1"
"puppies","1"
"previously","1"
"washington","1"
"pointless","1"
"doubtless","1"
"codytold","1"
"eyesa","1"
"facetoo","1"
"illatease","1"
"cricket","1"
"legros","1"
"echolalia","1"
"hm","1"
"highest","1"
"signed","1"
"cruel","1"
"converted","1"
"stories","1"
"irrelevantly","1"
"urging","1"
"mechanics","1"
"universal","1"
"penny","1"
"resented","1"
"education","1"
"attacksat","1"
"astounding","1"
"whisperings","1"
"amputated","1"
"determination","1"
"indirectly","1"
"todays","1"
"powdery","1"
"temperament","1"
"knelt","1"
"captain","1"
"sagely","1"
"swam","1"
"anticlimax","1"
"dukes","1"
"fists","1"
"misunderstanding","1"
"nourished","1"
"elocution","1"
"deplorably","1"
"baking","1"
"crops","1"
"hazy","1"
"haze","1"
"hempstead","1"
"economics","1"
"credit","1"
"crises","1"
"itindeed","1"
"moral","1"
"factand","1"
"decencies","1"
"orgastic","1"
"oclockuntil","1"
"warn","1"
"inhabited","1"
"somber","1"
"bungalow","1"
"foliage","1"
"fresher","1"
"advancing","1"
"unforgettable","1"
"dinneri","1"
"sidewaysand","1"
"briefcase","1"
"operate","1"
"operations","1"
"deck","1"
"murray","1"
"responsive","1"
"confidently","1"
"combination","1"
"weakness","1"
"drowsiness","1"
"brightness","1"
"glints","1"
"interruption","1"
"morningand","1"
"skins","1"
"ministering","1"
"extract","1"
"velvet","1"
"revolting","1"
"armsbut","1"
"rinds","1"
"boarderi","1"
"steward","1"
"hatboxes","1"
"floora","1"
"features","1"
"disappearing","1"
"comforter","1"
"nineteeneighteen","1"
"twisted","1"
"outan","1"
"somewhat","1"
"supperboxes","1"
"upholstery","1"
"affront","1"
"jongs","1"
"persuade","1"
"spoiled","1"
"threadbare","1"
"modern","1"
"tells","1"
"communicative","1"
"chest","1"
"phoned","1"
"mashed","1"
"marie","1"
"don","1"
"alarm","1"
"urgency","1"
"selected","1"
"rapture","1"
"visitor","1"
"implying","1"
"specialists","1"
"sugar","1"
"fays","1"
"perceive","1"
"coast","1"
"bendthen","1"
"bat","1"
"ears","1"
"reference","1"
"muchyoure","1"
"inappropriate","1"
"sail","1"
"shaved","1"
"prince","1"
"sorts","1"
"tolerance","1"
"lethargic","1"
"scrubbingbrushes","1"
"lazy","1"
"wears","1"
"weary","1"
"janitor","1"
"uncertainty","1"
"presumably","1"
"springs","1"
"ether","1"
"teatable","1"
"tint","1"
"commission","1"
"basic","1"
"prosperous","1"
"tapping","1"
"harshness","1"
"tank","1"
"imperatively","1"
"balance","1"
"metropolitan","1"
"mexico","1"
"extemporizing","1"
"againthe","1"
"amour","1"
"pathfinder","1"
"bottles","1"
"swivelchair","1"
"belly","1"
"lustreless","1"
"jealous","1"
"rotgut","1"
"malice","1"
"romp","1"
"changes","1"
"smoked","1"
"investments","1"
"warmest","1"
"jordanconstrained","1"
"nicolas","1"
"sailors","1"
"discreet","1"
"background","1"
"dignity","1"
"unnecessary","1"
"parcelled","1"
"notorious","1"
"overhung","1"
"deaf","1"
"pain","1"
"theatrical","1"
"trace","1"
"dreamsnot","1"
"prairies","1"
"burn","1"
"ohyoure","1"
"sleigh","1"
"wept","1"
"yelling","1"
"commit","1"
"smiledand","1"
"nerve","1"
"lies","1"
"intermarriage","1"
"annoyance","1"
"inspected","1"
"winters","1"
"fork","1"
"ford","1"
"feminine","1"
"boulogne","1"
"blindness","1"
"attached","1"
"anyhowan","1"
"temper","1"
"differentif","1"
"breathe","1"
"ceilingand","1"
"herbut","1"
"sticky","1"
"myrtleafter","1"
"vista","1"
"aunts","1"
"locality","1"
"authoritative","1"
"holloweyed","1"
"holly","1"
"delivered","1"
"guiltily","1"
"authorities","1"
"happening","1"
"capacitywhile","1"
"mulreadys","1"
"claret","1"
"anticipation","1"
"fancies","1"
"bordered","1"
"suffered","1"
"die","1"
"accidentally","1"
"winebrenners","1"
"item","1"
"turgid","1"
"round","1"
"selfabsorption","1"
"ville","1"
"dealing","1"
"gigantictheir","1"
"suspect","1"
"clerk","1"
"shift","1"
"bruised","1"
"massage","1"
"insolent","1"
"happenedthats","1"
"hotels","1"
"wealth","1"
"sharper","1"
"ahhh","1"
"chasms","1"
"dressinggowns","1"
"fly","1"
"avoiding","1"
"nearest","1"
"craze","1"
"poolroom","1"
"tilt","1"
"pure","1"
"irreverent","1"
"cowered","1"
"staying","1"
"mav","1"
"membership","1"
"scalloped","1"
"noun","1"
"tale","1"
"switch","1"
"introductions","1"
"lyric","1"
"terrace","1"
"argued","1"
"thank","1"
"tonic","1"
"finance","1"
"drowsing","1"
"sooner","1"
"anteroom","1"
"feverish","1"
"allexcept","1"
"scolded","1"
"unrevealed","1"
"leftthe","1"
"abnormal","1"
"mattertomorrow","1"
"thoroughness","1"
"canada","1"
"jackson","1"
"ripe","1"
"interference","1"
"dutch","1"
"sideways","1"
"brookn","1"
"california","1"
"advance","1"
"yesi","1"
"frequent","1"
"subterfuges","1"
"forceof","1"
"sounds","1"
"murky","1"
"slept","1"
"anyone","1"
"escort","1"
"whisperhis","1"
"participated","1"
"gaudy","1"
"overenlarged","1"
"redbelted","1"
"eyed","1"
"movementshe","1"
"sailing","1"
"ventura","1"
"lick","1"
"dash","1"
"daycoachhe","1"
"pastry","1"
"occupied","1"
"shocked","1"
"haste","1"
"collapsed","1"
"grassthere","1"
"straightening","1"
"theatre","1"
"normal","1"
"herseys","1"
"sheets","1"
"billow","1"
"queens","1"
"especially","1"
"napkin","1"
"gracefully","1"
"trotted","1"
"shop","1"
"contemporary","1"
"threshold","1"
"despairingly","1"
"disconcerting","1"
"thirtythe","1"
"unimportant","1"
"straggled","1"
"cordials","1"
"yield","1"
"nostril","1"
"communicated","1"
"silently","1"
"declared","1"
"pitches","1"
"seas","1"
"doings","1"
"whereabouts","1"
"radiated","1"
"snorted","1"
"countenance","1"
"tub","1"
"toolooked","1"
"dates","1"
"flowersbut","1"
"traded","1"
"shafters","1"
"stretcher","1"
"laudable","1"
"unopened","1"
"tuning","1"
"acre","1"
"fiftieth","1"
"lustily","1"
"stifling","1"
"dramatic","1"
"declaration","1"
"sobbed","1"
"wellloved","1"
"eberhardt","1"
"ulysses","1"
"eventually","1"
"rubbing","1"
"dangerously","1"
"baths","1"
"pap","1"
"deserting","1"
"yeaeaea","1"
"extended","1"
"obstetrical","1"
"companion","1"
"sullen","1"
"climbing","1"
"totally","1"
"weave","1"
"houseparty","1"
"movingpicture","1"
"roughly","1"
"spoonful","1"
"aspect","1"
"wheelhe","1"
"flavor","1"
"wifes","1"
"shying","1"
"dipped","1"
"pile","1"
"fortysecond","1"
"swooning","1"
"secrecy","1"
"facing","1"
"chamber","1"
"bewitched","1"
"passionate","1"
"senselessness","1"
"doll","1"
"splash","1"
"spasm","1"
"colonial","1"
"filling","1"
"outa","1"
"getchildren","1"
"critical","1"
"moderate","1"
"raincoat","1"
"demaine","1"
"despicable","1"
"oceangoing","1"
"squarely","1"
"strangled","1"
"stations","1"
"quietly","1"
"brute","1"
"mondays","1"
"hysterical","1"
"dayand","1"
"mornings","1"
"judging","1"
"sophisticated","1"
"grudging","1"
"affection","1"
"leaked","1"
"grasped","1"
"garrulous","1"
"fill","1"
"flatfooted","1"
"drivers","1"
"wallscaling","1"
"panicthe","1"
"colleges","1"
"lapped","1"
"founder","1"
"standardit","1"
"dollar","1"
"slung","1"
"talks","1"
"slunk","1"
"responsiveness","1"
"preserves","1"
"former","1"
"preserved","1"
"enjoying","1"
"straightforward","1"
"moviesi","1"
"harddrinking","1"
"washing","1"
"celebrity","1"
"juxtaposition","1"
"odonavan","1"
"ribbon","1"
"creatures","1"
"defence","1"
"sweetly","1"
"stoop","1"
"coroner","1"
"girlhood","1"
"ingratiate","1"
"lookedand","1"
"standard","1"
"search","1"
"stella","1"
"milky","1"
"fatten","1"
"tottered","1"
"gatzs","1"
"possessively","1"
"extinction","1"
"libertine","1"
"nothings","1"
"bondsalesmen","1"
"corrigans","1"
"libel","1"
"raft","1"
"pawing","1"
"diamond","1"
"flowerlike","1"
"asheville","1"
"strain","1"
"sulkily","1"
"remain","1"
"dazed","1"
"abandon","1"
"purchases","1"
"beale","1"
"needs","1"
"awkward","1"
"clippingsabout","1"
"par","1"
"blood","1"
"response","1"
"bleak","1"
"reappeared","1"
"corps","1"
"deserted","1"
"pleasure","1"
"rounded","1"
"fitzpeters","1"
"existence","1"
"dressingroom","1"
"bosom","1"
"clamor","1"
"crawls","1"
"arguments","1"
"unthoughtful","1"
"welldisciplined","1"
"bandages","1"
"walls","1"
"olaf","1"
"association","1"
"spy","1"
"token","1"
"biscuits","1"
"saloons","1"
"fish","1"
"engaging","1"
"mencarrying","1"
"suspecting","1"
"ripple","1"
"insurance","1"
"whereve","1"
"foreground","1"
"crouched","1"
"pathetic","1"
"circumstance","1"
"chauffeurhe","1"
"backed","1"
"conducted","1"
"copper","1"
"unreasoning","1"
"modish","1"
"paint","1"
"assumption","1"
"smoothed","1"
"muscles","1"
"vibrant","1"
"dentist","1"
"contrary","1"
"orderi","1"
"majority","1"
"build","1"
"easygoing","1"
"eggs","1"
"salmon","1"
"depths","1"
"charm","1"
"significant","1"
"shawls","1"
"fluctuate","1"
"pocketing","1"
"nobility","1"
"thomas","1"
"particularly","1"
"obligations","1"
"swelling","1"
"wailing","1"
"scattered","1"
"onwere","1"
"timewere","1"
"frisco","1"
"giant","1"
"ruin","1"
"evoked","1"
"sill","1"
"pneumatic","1"
"thudding","1"
"irregularly","1"
"individual","1"
"tender","1"
"halves","1"
"fans","1"
"albrucksburger","1"
"distraught","1"
"vanishing","1"
"egotism","1"
"defunct","1"
"reverse","1"
"powers","1"
"archway","1"
"foreign","1"
"spiritless","1"
"ofohfling","1"
"danced","1"
"simple","1"
"ravages","1"
"tennessee","1"
"unsuccessful","1"
"expensive","1"
"pocketbook","1"
"dropping","1"
"blankets","1"
"roved","1"
"gap","1"
"pompadouror","1"
"holocaust","1"
"cluster","1"
"outoftheway","1"
"sobs","1"
"lull","1"
"century","1"
"facade","1"
"kapiolani","1"
"keys","1"
"yesterday","1"
"husbands","1"
"flurry","1"
"purpose","1"
"hows","1"
"flags","1"
"nordic","1"
"treeshe","1"
"signalled","1"
"echoing","1"
"sunor","1"
"irritable","1"
"dishonesty","1"
"alignment","1"
"letting","1"
"superficial","1"
"cup","1"
"overtook","1"
"bridal","1"
"overhanging","1"
"squawk","1"
"bid","1"
"confidentially","1"
"isthe","1"
"follows","1"
"glove","1"
"unadaptable","1"
"foolish","1"
"humorous","1"
"didntdrift","1"
"ourselves","1"
"sneakers","1"
"dismally","1"
"lounged","1"
"wayward","1"
"virtues","1"
"piles","1"
"piled","1"
"plenty","1"
"inhospitably","1"
"framed","1"
"bores","1"
"nightmaregrotesque","1"
"horsebacktom","1"
"partition","1"
"curb","1"
"dragging","1"
"denying","1"
"dimmed","1"
"calmness","1"
"catlips","1"
"foolthats","1"
"trombones","1"
"fisher","1"
"neednt","1"
"obrien","1"
"overlooking","1"
"appalling","1"
"ascertained","1"
"implied","1"
"groceries","1"
"motorboats","1"
"intricate","1"
"grays","1"
"eggers","1"
"dressand","1"
"pioneer","1"
"enjoined","1"
"literary","1"
"tradesmen","1"
"confounding","1"
"putting","1"
"shotsafterward","1"
"respectful","1"
"havena","1"
"hardening","1"
"bleeding","1"
"tinny","1"
"precipitately","1"
"depression","1"
"pipes","1"
"exercise","1"
"demoniac","1"
"packing","1"
"safer","1"
"extreme","1"
"climb","1"
"bumming","1"
"appended","1"
"scandal","1"
"lamplight","1"
"himfirst","1"
"flabby","1"
"harrowing","1"
"astoria","1"
"trail","1"
"magnanimous","1"
"tearing","1"
"account","1"
"f","1"
"tunnel","1"
"pandered","1"
"inviolate","1"
"reserved","1"
"proportions","1"
"kissmeatthegate","1"
"lavendercolored","1"
"gatsbynothing","1"
"flap","1"
"formations","1"
"lamp","1"
"stock","1"
"buildings","1"
"waters","1"
"bothered","1"
"exulting","1"
"chambermaids","1"
"furious","1"
"lined","1"
"mustache","1"
"oldeven","1"
"whimpered","1"
"bodyhe","1"
"knowthough","1"
"acres","1"
"duckweed","1"
"inarguably","1"
"criminal","1"
"itand","1"
"greater","1"
"dai","1"
"ectoplasm","1"
"february","1"
"thrill","1"
"slipping","1"
"ineffable","1"
"fare","1"
"jailor","1"
"apologize","1"
"leavesll","1"
"empires","1"
"rex","1"
"understudy","1"
"mate","1"
"postpone","1"
"marvelled","1"
"afford","1"
"apologetically","1"
"endbut","1"
"dumbbell","1"
"allied","1"
"grieving","1"
"rudely","1"
"finest","1"
"hey","1"
"alleys","1"
"thirties","1"
"monkey","1"
"reactiongatsby","1"
"ripples","1"
"jingle","1"
"wistfully","1"
"completed","1"
"foamy","1"
"blazers","1"
"skeptically","1"
"ferryboat","1"
"comfortable","1"
"curved","1"
"htel","1"
"parks","1"
"unless","1"
"deathless","1"
"queensboro","1"
"enthusiastic","1"
"gather","1"
"occasion","1"
"selection","1"
"nightand","1"
"wassimply","1"
"portfolio","1"
"incorruptible","1"
"grabbed","1"
"unable","1"
"stripes","1"
"westchester","1"
"organ","1"
"euphemisms","1"
"eyebrow","1"
"tightening","1"
"minuteits","1"
"turkeys","1"
"puddle","1"
"herding","1"
"racket","1"
"shallows","1"
"pattern","1"
"itbut","1"
"otherspoor","1"
"firmness","1"
"asunder","1"
"freely","1"
"assure","1"
"insidious","1"
"glorious","1"
"otherwise","1"
"overcoat","1"
"toodidnt","1"
"tortuously","1"
"muddy","1"
"mouthpiece","1"
"copies","1"
"timethere","1"
"warwick","1"
"bellows","1"
"adapting","1"
"chauffeurs","1"
"caddy","1"
"sausages","1"
"bull","1"
"divisions","1"
"plaid","1"
"promoter","1"
"promoted","1"
"carved","1"
"permeate","1"
"arrangements","1"
"closets","1"
"indignantlyhe","1"
"indistinguishably","1"
"slammed","1"
"auto","1"
"blooms","1"
"tighten","1"
"selfish","1"
"herand","1"
"stored","1"
"dakota","1"
"articles","1"
"intriguingmy","1"
"goldcolored","1"
"audibly","1"
"success","1"
"crawled","1"
"journalism","1"
"works","1"
"armand","1"
"peoplehis","1"
"scurried","1"
"corroborate","1"
"convey","1"
"bulbous","1"
"pepper","1"
"noise","1"
"slight","1"
"although","1"
"hospitable","1"
"noisy","1"
"retribution","1"
"brooded","1"
"follies","1"
"rendered","1"
"obliterated","1"
"guard","1"
"female","1"
"legends","1"
"ivory","1"
"chatting","1"
"rajah","1"
"brand","1"
"bum","1"
"memphis","1"
"bug","1"
"wise","1"
"glory","1"
"shades","1"
"preyed","1"
"circus","1"
"pig","1"
"unintelligible","1"
"oak","1"
"dresser","1"
"gaudily","1"
"enlargement","1"
"stirred","1"
"clothesthere","1"
"scandalthen","1"
"baked","1"
"trolley","1"
"thoughtwhy","1"
"buttonsrid","1"
"scullys","1"
"amorphous","1"
"fireplace","1"
"encounter","1"
"determinedly","1"
"thatand","1"
"school","1"
"enjoy","1"
"faintest","1"
"frosted","1"
"nail","1"
"emptiness","1"
"expressive","1"
"lesser","1"
"hide","1"
"beaten","1"
"revolver","1"
"supplied","1"
"unreality","1"
"conduct","1"
"supplies","1"
"revolved","1"
"airedaleundoubtedly","1"
"codyhe","1"
"settler","1"
"cryshe","1"
"settled","1"
"ventured","1"
"glinted","1"
"sorrows","1"
"sickantired","1"
"somnambulatory","1"
"mavromdash","1"
"breaths","1"
"tremendously","1"
"entertained","1"
"dizzy","1"
"ernest","1"
"estate","1"
"joyous","1"
"overheard","1"
"ceremony","1"
"horizonfor","1"
"eyeballs","1"
"owleyes","1"
"mess","1"
"delicacy","1"
"underhand","1"
"rotogravure","1"
"sparkles","1"
"parallel","1"
"gentlemanly","1"
"amid","1"
"acknowledged","1"
"summing","1"
"funniest","1"
"ultimate","1"
"midas","1"
"unsteady","1"
"expects","1"
"glances","1"
"writing","1"
"fade","1"
"whips","1"
"smouldering","1"
"revelations","1"
"pulpless","1"
"obligingly","1"
"potatoes","1"
"shadowy","1"
"frantically","1"
"signing","1"
"railed","1"
"laid","1"
"newly","1"
"splashed","1"
"correctness","1"
"countrysideeast","1"
"hopeless","1"
"listenedthen","1"
"onto","1"
"primary","1"
"kyke","1"
"indeterminate","1"
"thickish","1"
"hopehe","1"
"consented","1"
"indiscreet","1"
"griefs","1"
"carraways","1"
"reclining","1"
"frankly","1"
"fashion","1"
"westnot","1"
"unaffected","1"
"ray","1"
"gratulate","1"
"cottages","1"
"thoroughly","1"
"client","1"
"snob","1"
"hick","1"
"glimpses","1"
"thewell","1"
"parting","1"
"reputation","1"
"whomsoever","1"
"random","1"
"wedging","1"
"abstractedly","1"
"drawbridge","1"
"anyhowdaisy","1"
"spite","1"
"unpunctual","1"
"delays","1"
"knuckle","1"
"waltz","1"
"blinking","1"
"shutting","1"
"changedhe","1"
"twice","1"
"automatic","1"
"bembergs","1"
"soldand","1"
"cheekbone","1"
"sporadic","1"
"combustion","1"
"discovery","1"
"incarnation","1"
"daisythey","1"
"irregular","1"
"facet","1"
"games","1"
"conceits","1"
"confidences","1"
"betting","1"
"towels","1"
"majestic","1"
"bathroom","1"
"incomparable","1"
"ropes","1"
"catch","1"
"dashboard","1"
"pyramid","1"
"ovalslike","1"
"ramifications","1"
"snobbery","1"
"suggest","1"
"published","1"
"cycle","1"
"incredulity","1"
"faustina","1"
"ocean","1"
"greatest","1"
"admiringly","1"
"shadowed","1"
"gilda","1"
"proposed","1"
"rivulets","1"
"greenwich","1"
"sacredness","1"
"rumor","1"
"pitiful","1"
"burns","1"
"advanced","1"
"appearing","1"
"brutality","1"
"gift","1"
"dishonest","1"
"specific","1"
"meditatively","1"
"rustling","1"
"successfully","1"
"clubs","1"
"roamed","1"
"foldingchair","1"
"searchingly","1"
"lamps","1"
"revisiting","1"
"plunging","1"
"fishguards","1"
"steadily","1"
"efforts","1"
"duke","1"
"civil","1"
"accomplishments","1"
"tribune","1"
"rounds","1"
"ordways","1"
"fought","1"
"bathsintruding","1"
"gin","1"
"satisfactorily","1"
"heap","1"
"sustained","1"
"muster","1"
"adore","1"
"cobbled","1"
"hams","1"
"sometime","1"
"levity","1"
"faithful","1"
"despising","1"
"tin","1"
"setting","1"
"stagnant","1"
"tie","1"
"preceding","1"
"temperamentit","1"
"universeso","1"
"ridges","1"
"reassuringly","1"
"vigorously","1"
"intimacy","1"
"stacks","1"
"remarkable","1"
"rob","1"
"glittered","1"
"hammers","1"
"scrawny","1"
"exalted","1"
"wellkept","1"
"standards","1"
"ahhhmdash","1"
"brothel","1"
"lever","1"
"pore","1"
"widened","1"
"dried","1"
"soldiers","1"
"substitute","1"
"distaste","1"
"stands","1"
"facilitieshe","1"
"entertain","1"
"baseball","1"
"guilty","1"
"abounded","1"
"weird","1"
"jewess","1"
"isles","1"
"hammerheads","1"
"frothy","1"
"negroes","1"
"prep","1"
"smeared","1"
"riot","1"
"clicking","1"
"motorroad","1"
"dismal","1"
"lightheaded","1"
"judy","1"
"slightest","1"
"streak","1"
"vigor","1"
"inexperience","1"
"middleaged","1"
"cardinal","1"
"fourth","1"
"flavored","1"
"unutterably","1"
"unbelievable","1"
"motorists","1"
"birthday","1"
"imagining","1"
"understandingly","1"
"westerners","1"
"swank","1"
"reproachbut","1"
"opera","1"
"sensibilities","1"
"possibilities","1"
"circumstancesand","1"
"realism","1"
"semifinal","1"
"menagerie","1"
"divisional","1"
"epigramlife","1"
"farewell","1"
"plans","1"
"exclamation","1"
"abounding","1"
"overflowing","1"
"castile","1"
"battalion","1"
"understandinglymuch","1"
"impose","1"
"oboes","1"
"surviving","1"
"awfully","1"
"clumsy","1"
"cheerfully","1"
"earths","1"
"district","1"
"lingeringly","1"
"shortwinded","1"
"cooling","1"
"legally","1"
"hue","1"
"gatzthat","1"
"aesthetic","1"
"register","1"
"confessed","1"
"exchanging","1"
"dining","1"
"inky","1"
"commonplace","1"
"revolving","1"
"falls","1"
"visitors","1"
"cleared","1"
"hungry","1"
"beaded","1"
"yellowdid","1"
"quantity","1"
"detective","1"
"banns","1"
"cheat","1"
"spaces","1"
"written","1"
"gulp","1"
"believing","1"
"partake","1"
"ismays","1"
"garagerepairs","1"
"presbyterian","1"
"gardenshears","1"
"uncles","1"
"rockingfor","1"
"nobs","1"
"wellfanned","1"
"reveal","1"
"aluminum","1"
"jokes","1"
"discussing","1"
"picnic","1"
"disarranged","1"
"simmering","1"
"obliging","1"
"astoriaonly","1"
"detect","1"
"commutation","1"
"ways","1"
"amen","1"
"circulating","1"
"schoen","1"
"marseilles","1"
"corridors","1"
"originated","1"
"newspapersa","1"
"harshly","1"
"spared","1"
"alltom","1"
"senator","1"
"provocation","1"
"bricks","1"
"pot","1"
"unquiet","1"
"resentment","1"
"assertions","1"
"howard","1"
"implored","1"
"tiger","1"
"ashtrays","1"
"irrelevant","1"
"paying","1"
"premature","1"
"allnight","1"
"jonquils","1"
"shops","1"
"slippers","1"
"gulick","1"
"vest","1"
"seeking","1"
"check","1"
"buys","1"
"watchfully","1"
"tipsy","1"
"nest","1"
"refusal","1"
"barges","1"
"devoid","1"
"decently","1"
"arose","1"
"magical","1"
"actress","1"
"lavish","1"
"kill","1"
"polish","1"
"blow","1"
"blot","1"
"seems","1"
"complain","1"
"housejust","1"
"daisyll","1"
"confined","1"
"coursed","1"
"reduced","1"
"fluttered","1"
"snatched","1"
"buccleuch","1"
"intact","1"
"slice","1"
"unbelief","1"
"legal","1"
"oclockalmost","1"
"compulsion","1"
"inspect","1"
"terrified","1"
"subdued","1"
"doze","1"
"dishevelled","1"
"determine","1"
"feudal","1"
"prepschool","1"
"autumnleaf","1"
"disposed","1"
"mischief","1"
"soprano","1"
"wholesale","1"
"cassidy","1"
"grasp","1"
"toilet","1"
"accentuated","1"
"contributory","1"
"toiled","1"
"russel","1"
"hit","1"
"abyss","1"
"stumbled","1"
"hasnt","1"
"compel","1"
"rubber","1"
"roses","1"
"preoccupation","1"
"briefly","1"
"winking","1"
"separate","1"
"carnegie","1"
"bounded","1"
"finals","1"
"sportswoman","1"
"curve","1"
"quavering","1"
"beckers","1"
"unmoved","1"
"dish","1"
"richnevertheless","1"
"catastrophe","1"
"inin","1"
"flowed","1"
"activities","1"
"ticked","1"
"sundials","1"
"sons","1"
"soles","1"
"prolonged","1"
"singularly","1"
"becker","1"
"flyleaf","1"
"plagiaristic","1"
"abstracted","1"
"haag","1"
"whas","1"
"mouthbut","1"
"importer","1"
"womb","1"
"compressed","1"
"dustcovered","1"
"phonemostly","1"
"cheadles","1"
"biscuitsone","1"
"screens","1"
"harlequin","1"
"cottonwhite","1"
"auerbach","1"
"conspiring","1"
"pervaded","1"
"bumped","1"
"pairs","1"
"languidly","1"
"yearsand","1"
"hissed","1"
"mellow","1"
"division","1"
"imitation","1"
"mebut","1"
"rememberif","1"
"shouldnt","1"
"concentrating","1"
"castle","1"
"penitentiary","1"
"dissolving","1"
"chiefly","1"
"cornices","1"
"balloon","1"
"eludes","1"
"milwaukee","1"
"glide","1"
"baedekers","1"
"parts","1"
"return","1"
"huskier","1"
"communities","1"
"supperif","1"
"adventurous","1"
"bigger","1"
"instructions","1"
"mastered","1"
"intolerable","1"
"roebuck","1"
"needless","1"
"colder","1"
"braided","1"
"reverent","1"
"alcohol","1"
"health","1"
"wisconsin","1"
"danilo","1"
"friday","1"
"forgive","1"
"jew","1"
"prejudice","1"
"circuit","1"
"distasteful","1"
"sympathy","1"
"caramelcolored","1"
"swarm","1"
"indecisively","1"
"passersby","1"
"double","1"
"weatherproof","1"
"dispensed","1"
"impersonally","1"
"individualistically","1"
"shrewd","1"
"namesjaqueline","1"
"cleaned","1"
"rugs","1"
"sandwiches","1"
"indiscernible","1"
"banjo","1"
"measures","1"
"measured","1"
"achievement","1"
"postman","1"
"mineral","1"
"vicinityexcept","1"
"saloon","1"
"institutions","1"
"rakish","1"
"wayside","1"
"endlessly","1"
"hip","1"
"triangle","1"
"ceremoniously","1"
"instinctive","1"
"thereabouts","1"
"investigate","1"
"wellthink","1"
"relentless","1"
"art","1"
"intelligence","1"
"arc","1"
"heaped","1"
"realhave","1"
"fontano","1"
"forlorn","1"
"slapped","1"
"familys","1"
"howeveri","1"
"recently","1"
"spectroscopic","1"
"smokeing","1"
"betrayed","1"
"liquors","1"
"c","1"
"hesitant","1"
"blazed","1"
"guts","1"
"wastebasket","1"
"goats","1"
"decline","1"
"complication","1"
"whos","1"
"pm","1"
"fairys","1"
"orchestras","1"
"georgia","1"
"indefinitely","1"
"earthquakes","1"
"behavior","1"
"insistently","1"
"blurted","1"
"obtrusive","1"
"ecstasy","1"
"frantic","1"
"laundered","1"
"viols","1"
"fading","1"
"peoples","1"
"truththat","1"
"cement","1"
"brooding","1"
"robust","1"
"uneasily","1"
"frozen","1"
"cheer","1"
"montreal","1"
"appendicitus","1"
"bounced","1"
"onewas","1"
"competitive","1"
"intervals","1"
"seventeenyearold","1"
"auntbut","1"
"tables","1"
"corroborated","1"
"resourcefulness","1"
"exhibition","1"
"profitably","1"
"divot","1"
"spires","1"
"entangled","1"
"decorationeven","1"
"shaped","1"
"capitals","1"
"arthur","1"
"hinted","1"
"eluding","1"
"hurriedly","1"
"saucer","1"
"fragments","1"
"bookshelves","1"
"meretricious","1"
"vestibules","1"
"refused","1"
"pipeline","1"
"mingled","1"
"fluttering","1"
"somebodyll","1"
"canal","1"
"rows","1"
"conceivably","1"
"plunge","1"
"cloth","1"
"reassurance","1"
"upright","1"
"fried","1"
"affairsand","1"
"entrance","1"
"oftenin","1"
"warning","1"
"credulity","1"
"whyany","1"
"cornersand","1"
"lemon","1"
"conductor","1"
"backs","1"
"parlor","1"
"postern","1"
"flirtation","1"
"wrinkle","1"
"pottery","1"
"happier","1"
"wellconcealed","1"
"impatient","1"
"weights","1"
"discordant","1"
"adjustment","1"
"nyork","1"
"obstinate","1"
"rag","1"
"wished","1"
"unscrewed","1"
"seizes","1"
"gins","1"
"tenderness","1"
"turbaned","1"
"dealt","1"
"moulding","1"
"noted","1"
"claudia","1"
"dyou","1"
"smaller","1"
"whytherere","1"
"carefully","1"
"universities","1"
"desires","1"
"oars","1"
"coverlet","1"
"swetts","1"
"crepedechine","1"
"spiced","1"
"shaded","1"
"pajama","1"
"scales","1"
"hardy","1"
"spasms","1"
"weeping","1"
"bitterly","1"
"unequally","1"
"clever","1"
"inclined","1"
"annoy","1"
"dissolve","1"
"proprietary","1"
"earnestness","1"
"quinns","1"
"dripping","1"
"seachange","1"
"tag","1"
"tan","1"
"counterfeit","1"
"sidewalks","1"
"unquestionable","1"
"struggled","1"
"whynot","1"
"tension","1"
"cupboard","1"
"attend","1"
"unforgivably","1"
"unnaturally","1"
"volleying","1"
"waize","1"
"readiness","1"
"honestly","1"
"hornbeams","1"
"irregularity","1"
"compass","1"
"dearest","1"
"protgsheard","1"
"housethe","1"
"mcclenahan","1"
"ships","1"
"permanent","1"
"restrain","1"
"choose","1"
"orange","1"
"receptacles","1"
"foghorn","1"
"eastward","1"
"invitations","1"
"bewilderment","1"
"retorted","1"
"trimmed","1"
"wolfshiemthat","1"
"aquaplanes","1"
"applegreen","1"
"twinswho","1"
"matchings","1"
"lilac","1"
"related","1"
"asleepshe","1"
"frontier","1"
"disarray","1"
"rickeys","1"
"herded","1"
"despairing","1"
"obscure","1"
"repairing","1"
"horace","1"
"locating","1"
"obscurity","1"
"hitherto","1"
"bonnet","1"
"bois","1"
"marvelling","1"
"donti","1"
"anaemic","1"
"astounded","1"
"noses","1"
"wanly","1"
"isolation","1"
"richer","1"
"swooned","1"
"cohen","1"
"westward","1"
"angle","1"
"rout","1"
"wha","1"
"class","1"
"andeats","1"
"neighboring","1"
"stove","1"
"spanking","1"
"smirkes","1"
"pleased","1"
"nearer","1"
"pastoral","1"
"clutching","1"
"cahoots","1"
"fingerless","1"
"rosenthal","1"
"stovebut","1"
"neared","1"
"ashesa","1"
"indignant","1"
"spun","1"
"ripley","1"
"ascertain","1"
"nightingale","1"
"bunsen","1"
"generations","1"
"humiliation","1"
"blackbuck","1"
"monstrous","1"
"carriage","1"
"fifties","1"
"pants","1"
"weighing","1"
"job","1"
"rouged","1"
"april","1"
"grain","1"
"grail","1"
"grounds","1"
"worldly","1"
"blink","1"
"tactful","1"
"decent","1"
"impetuously","1"
"nickel","1"
"painted","1"
"thrusting","1"
"scrutiny","1"
"eyelashes","1"
"carelessness","1"
"whitebait","1"
"ringing","1"
"thus","1"
"disapprove","1"
"bystanders","1"
"gothic","1"
"noi","1"
"prodigality","1"
"gaudiness","1"
"cross","1"
"privileged","1"
"difficult","1"
"succulent","1"
"schwartze","1"
"beast","1"
"gutter","1"
"humidor","1"
"slenderly","1"
"english","1"
"explicable","1"
"postthe","1"
"thenevada","1"
"fishing","1"
"rocked","1"
"rapid","1"
"nicks","1"
"bell","1"
"arresting","1"
"clyde","1"
"unprecedented","1"
"corruptionand","1"
"misconceptions","1"
"hollow","1"
"wilhelms","1"
"perpetual","1"
"instants","1"
"hosti","1"
"feigned","1"
"rollsroyce","1"
"gruffness","1"
"leaden","1"
"leaf","1"
"lean","1"
"jugjugspat","1"
"dangling","1"
"murdered","1"
"conveyed","1"
"noonbut","1"
"slum","1"
"mccarty","1"
"petereither","1"
"linger","1"
"biscuit","1"
"carries","1"
"gatsbyand","1"
"owl","1"
"polisher","1"
"brush","1"
"rowboat","1"
"effeminate","1"
"kidding","1"
"uncontrollable","1"
"volume","1"
"distract","1"
"sympathizing","1"
"stirring","1"
"somethingmost","1"
"trotting","1"
"domesticated","1"
"sceneespecially","1"
"dissension","1"
"himpossibly","1"
"volumes","1"
"hardboiled","1"
